#
# There is insufficient memory for the Java Runtime Environment to continue.
# Native memory allocation (mmap) failed to map 65536 bytes. Error detail: Failed to commit metaspace.
# Possible reasons:
#   The system is out of physical RAM or swap space
#   This process is running with CompressedOops enabled, and the Java Heap may be blocking the growth of the native heap
# Possible solutions:
#   Reduce memory load on the system
#   Increase physical memory or swap space
#   Check if swap backing store is full
#   Decrease Java heap size (-Xmx/-Xms)
#   Decrease number of Java threads
#   Decrease Java thread stack sizes (-Xss)
#   Set larger code cache with -XX:ReservedCodeCacheSize=
#   JVM is running with Unscaled Compressed Oops mode in which the Java heap is
#     placed in the first 4GB address space. The Java Heap base address is the
#     maximum limit for the native heap growth. Please use -XX:HeapBaseMinAddress
#     to set the Java Heap base and to place the Java Heap above 4GB virtual address.
# This output file may be truncated or incomplete.
#
#  Out of Memory Error (virtualSpaceNode.cpp:113), pid=19780, tid=1764
#
# JRE version: OpenJDK Runtime Environment Microsoft-13053607 (25.0.2+10) (build 25.0.2+10-LTS)
# Java VM: OpenJDK 64-Bit Server VM Microsoft-13053607 (25.0.2+10-LTS, mixed mode, emulated-client, sharing, tiered, compressed oops, compressed class ptrs, g1 gc, windows-amd64)
# No core dump will be written. Minidumps are not enabled by default on client versions of Windows
#

---------------  S U M M A R Y ------------

Command Line: -javaagent:C:\Users\Aidan\AppData\Local\JetBrains\IntelliJIdea2025.3\testAgent\intellij.platform.coverage.agent.jar=C:\Users\Aidan\AppData\Local\Temp\coverageargs -Didea.coverage.calculate.hits=true -XX:TieredStopAtLevel=1 -Dspring.output.ansi.enabled=always -javaagent:C:\Program Files\JetBrains\IntelliJ IDEA 2025.3.2\lib\idea_rt.jar=63898 -Dfile.encoding=UTF-8 -Dsun.stdout.encoding=UTF-8 -Dsun.stderr.encoding=UTF-8 za.ac.cput.UniExchangeApplication

Host: 11th Gen Intel(R) Core(TM) i3-1115G4 @ 3.00GHz, 4 cores, 7G,  Windows 11 , 64 bit Build 26100 (10.0.26100.9168)
Time: Mon Sep  7 16:05:29 2026 South Africa Standard Time elapsed time: 19.558572 seconds (0d 0h 0m 19s)

---------------  T H R E A D  ---------------

Current thread (0x000001a8a70eee10):  JavaThread "main"             [_thread_in_vm, id=1764, stack(0x000000642e700000,0x000000642e800000) (1024K)]

Stack: [0x000000642e700000,0x000000642e800000]
Native frames: (J=compiled Java code, j=interpreted, Vv=VM code, C=native code)
V  [jvm.dll+0x7b0319]  (no source info available)
V  [jvm.dll+0x77da3d]  (no source info available)
V  [jvm.dll+0x9fe713]  (no source info available)
V  [jvm.dll+0xa00cec]  (no source info available)
V  [jvm.dll+0xa013e3]  (no source info available)
V  [jvm.dll+0x304986]  (no source info available)
V  [jvm.dll+0x9fb61f]  (no source info available)
V  [jvm.dll+0x7486f4]  (no source info available)
V  [jvm.dll+0x260577]  (no source info available)
V  [jvm.dll+0x26033e]  (no source info available)
V  [jvm.dll+0x74b116]  (no source info available)
V  [jvm.dll+0x74add7]  (no source info available)
V  [jvm.dll+0x2a2322]  (no source info available)
V  [jvm.dll+0x74911e]  (no source info available)
V  [jvm.dll+0x7557db]  (no source info available)
V  [jvm.dll+0x291233]  (no source info available)
V  [jvm.dll+0x2916f5]  (no source info available)
V  [jvm.dll+0x292098]  (no source info available)
V  [jvm.dll+0x287c16]  (no source info available)
V  [jvm.dll+0x6738f1]  (no source info available)
V  [jvm.dll+0x96e205]  (no source info available)
V  [jvm.dll+0x523ad1]  (no source info available)
V  [jvm.dll+0x529b35]  (no source info available)
C  [java.dll+0x17f2]  (no source info available)
C  0x000001a8afe0aa7a  (no source info available)

The last pc belongs to native nmethod (printed below).
Java frames: (J=compiled Java code, j=interpreted, Vv=VM code)
J 939  java.lang.ClassLoader.defineClass1(Ljava/lang/ClassLoader;Ljava/lang/String;[BIILjava/security/ProtectionDomain;Ljava/lang/String;)Ljava/lang/Class; java.base@25.0.2 (0 bytes) @ 0x000001a8afe0aa41 [0x000001a8afe0a980+0x00000000000000c1]
J 1211 c1 java.lang.ClassLoader.defineClass(Ljava/lang/String;[BIILjava/security/ProtectionDomain;)Ljava/lang/Class; java.base@25.0.2 (43 bytes) @ 0x000001a8afe60f1c [0x000001a8afe60e00+0x000000000000011c]
J 1065 c1 jdk.internal.loader.BuiltinClassLoader.defineClass(Ljava/lang/String;Ljdk/internal/loader/Resource;)Ljava/lang/Class; java.base@25.0.2 (121 bytes) @ 0x000001a8afe37d84 [0x000001a8afe37800+0x0000000000000584]
J 1062 c1 jdk.internal.loader.BuiltinClassLoader.findClassOnClassPathOrNull(Ljava/lang/String;)Ljava/lang/Class; java.base@25.0.2 (38 bytes) @ 0x000001a8afe36de4 [0x000001a8afe36b80+0x0000000000000264]
J 836 c1 jdk.internal.loader.BuiltinClassLoader.loadClassOrNull(Ljava/lang/String;Z)Ljava/lang/Class; java.base@25.0.2 (143 bytes) @ 0x000001a8afdedc1c [0x000001a8afded800+0x000000000000041c]
J 935 c1 jdk.internal.loader.BuiltinClassLoader.loadClass(Ljava/lang/String;Z)Ljava/lang/Class; java.base@25.0.2 (22 bytes) @ 0x000001a8afe09cdc [0x000001a8afe09c80+0x000000000000005c]
J 934 c1 java.lang.ClassLoader.loadClass(Ljava/lang/String;)Ljava/lang/Class; java.base@25.0.2 (7 bytes) @ 0x000001a8afe099d4 [0x000001a8afe09980+0x0000000000000054]
v  ~StubRoutines::call_stub 0x000001a8afbd12ed
j  com.mysql.cj.protocol.a.NativeProtocol.beforeHandshake()V+28
j  com.mysql.cj.protocol.a.NativeProtocol.connect(Ljava/lang/String;Ljava/lang/String;Ljava/lang/String;)V+1
j  com.mysql.cj.NativeSession.connect(Lcom/mysql/cj/conf/HostInfo;Ljava/lang/String;Ljava/lang/String;Ljava/lang/String;ILcom/mysql/cj/TransactionEventHandler;)V+110
j  com.mysql.cj.jdbc.ConnectionImpl.connectOneTryOnly(Z)V+32
j  com.mysql.cj.jdbc.ConnectionImpl.createNewIO(Z)V+31
j  com.mysql.cj.jdbc.ConnectionImpl.<init>(Lcom/mysql/cj/conf/HostInfo;)V+989
j  com.mysql.cj.jdbc.ConnectionImpl.getInstance(Lcom/mysql/cj/conf/HostInfo;)Lcom/mysql/cj/jdbc/JdbcConnection;+5
j  com.mysql.cj.jdbc.NonRegisteringDriver.connect(Ljava/lang/String;Ljava/util/Properties;)Ljava/sql/Connection;+72
j  com.zaxxer.hikari.util.DriverDataSource.getConnection(Ljava/lang/String;Ljava/lang/String;)Ljava/sql/Connection;+61
j  com.zaxxer.hikari.pool.PoolBase.newConnection(Z)Ljava/sql/Connection;+74
j  com.zaxxer.hikari.pool.PoolBase.newPoolEntry(Z)Lcom/zaxxer/hikari/pool/PoolEntry;+6
j  com.zaxxer.hikari.pool.HikariPool.createPoolEntry()Lcom/zaxxer/hikari/pool/PoolEntry;+13
j  com.zaxxer.hikari.pool.HikariPool.checkFailFast()V+20
j  com.zaxxer.hikari.pool.HikariPool.<init>(Lcom/zaxxer/hikari/HikariConfig;)V+163
j  com.zaxxer.hikari.HikariDataSource.getConnection()Ljava/sql/Connection;+82
j  org.hibernate.engine.jdbc.connections.internal.DataSourceConnectionProvider.getConnection()Ljava/sql/Connection;+48
j  org.hibernate.engine.jdbc.env.internal.JdbcEnvironmentInitiator$ConnectionProviderJdbcConnectionAccess.obtainConnection()Ljava/sql/Connection;+4
j  org.hibernate.resource.transaction.backend.jdbc.internal.JdbcIsolationDelegate.delegateWork(Lorg/hibernate/jdbc/WorkExecutorVisitable;Z)Ljava/lang/Object;+4
j  org.hibernate.engine.jdbc.env.internal.JdbcEnvironmentInitiator.getJdbcEnvironmentUsingJdbcMetadata(Lorg/hibernate/engine/jdbc/env/JdbcMetadataOnBoot;Ljava/util/Map;Lorg/hibernate/service/spi/ServiceRegistryImplementor;Lorg/hibernate/engine/jdbc/dialect/spi/DialectFactory;Ljava/lang/String;Ljava/lang/Integer;Ljava/lang/Integer;Ljava/lang/String;)Lorg/hibernate/engine/jdbc/env/internal/JdbcEnvironmentImpl;+115
j  org.hibernate.engine.jdbc.env.internal.JdbcEnvironmentInitiator.getJdbcEnvironment(Ljava/util/Map;Lorg/hibernate/service/spi/ServiceRegistryImplementor;Ljava/lang/String;Ljava/lang/Integer;Ljava/lang/Integer;Ljava/lang/String;)Lorg/hibernate/engine/jdbc/env/spi/JdbcEnvironment;+41
j  org.hibernate.engine.jdbc.env.internal.JdbcEnvironmentInitiator.initiateService(Ljava/util/Map;Lorg/hibernate/service/spi/ServiceRegistryImplementor;)Lorg/hibernate/engine/jdbc/env/spi/JdbcEnvironment;+101
j  org.hibernate.engine.jdbc.env.internal.JdbcEnvironmentInitiator.initiateService(Ljava/util/Map;Lorg/hibernate/service/spi/ServiceRegistryImplementor;)Lorg/hibernate/service/Service;+3
j  org.hibernate.boot.registry.internal.StandardServiceRegistryImpl.initiateService(Lorg/hibernate/service/spi/ServiceInitiator;)Lorg/hibernate/service/Service;+9
j  org.hibernate.service.internal.AbstractServiceRegistryImpl.createService(Lorg/hibernate/service/spi/ServiceBinding;)Lorg/hibernate/service/Service;+26
j  org.hibernate.service.internal.AbstractServiceRegistryImpl.initializeService(Lorg/hibernate/service/spi/ServiceBinding;)Lorg/hibernate/service/Service;+28
j  org.hibernate.service.internal.AbstractServiceRegistryImpl.getService(Ljava/lang/Class;)Lorg/hibernate/service/Service;+112
j  org.hibernate.boot.model.relational.Database.<init>(Lorg/hibernate/boot/spi/MetadataBuildingOptions;)V+10
j  org.hibernate.boot.internal.InFlightMetadataCollectorImpl.getDatabase()Lorg/hibernate/boot/model/relational/Database;+16
j  org.hibernate.boot.internal.InFlightMetadataCollectorImpl.<init>(Lorg/hibernate/boot/spi/BootstrapContext;Lorg/hibernate/boot/spi/MetadataBuildingOptions;)V+365
j  org.hibernate.boot.model.process.spi.MetadataBuildingProcess.complete(Lorg/hibernate/boot/model/process/spi/ManagedResources;Lorg/hibernate/boot/spi/BootstrapContext;Lorg/hibernate/boot/spi/MetadataBuildingOptions;)Lorg/hibernate/boot/spi/MetadataImplementor;+6
j  org.hibernate.jpa.boot.internal.EntityManagerFactoryBuilderImpl.metadata()Lorg/hibernate/boot/spi/MetadataImplementor;+30
j  org.hibernate.jpa.boot.internal.EntityManagerFactoryBuilderImpl.populateSessionFactoryBuilder()Lorg/hibernate/boot/SessionFactoryBuilder;+1
j  org.hibernate.jpa.boot.internal.EntityManagerFactoryBuilderImpl.build()Ljakarta/persistence/EntityManagerFactory;+3
j  org.springframework.orm.jpa.vendor.SpringHibernateJpaPersistenceProvider.createContainerEntityManagerFactory(Ljakarta/persistence/spi/PersistenceUnitInfo;Ljava/util/Map;)Ljakarta/persistence/EntityManagerFactory;+113
j  org.springframework.orm.jpa.LocalContainerEntityManagerFactoryBean.createNativeEntityManagerFactory()Ljakarta/persistence/EntityManagerFactory;+111
j  org.springframework.orm.jpa.AbstractEntityManagerFactoryBean.buildNativeEntityManagerFactory()Ljakarta/persistence/EntityManagerFactory;+1
j  org.springframework.orm.jpa.AbstractEntityManagerFactoryBean.afterPropertiesSet()V+234
j  org.springframework.orm.jpa.LocalContainerEntityManagerFactoryBean.afterPropertiesSet()V+238
j  org.springframework.beans.factory.support.AbstractAutowireCapableBeanFactory.invokeInitMethods(Ljava/lang/String;Ljava/lang/Object;Lorg/springframework/beans/factory/support/RootBeanDefinition;)V+56
j  org.springframework.beans.factory.support.AbstractAutowireCapableBeanFactory.initializeBean(Ljava/lang/String;Ljava/lang/Object;Lorg/springframework/beans/factory/support/RootBeanDefinition;)Ljava/lang/Object;+46
j  org.springframework.beans.factory.support.AbstractAutowireCapableBeanFactory.doCreateBean(Ljava/lang/String;Lorg/springframework/beans/factory/support/RootBeanDefinition;[Ljava/lang/Object;)Ljava/lang/Object;+228
j  org.springframework.beans.factory.support.AbstractAutowireCapableBeanFactory.createBean(Ljava/lang/String;Lorg/springframework/beans/factory/support/RootBeanDefinition;[Ljava/lang/Object;)Ljava/lang/Object;+153
j  org.springframework.beans.factory.support.AbstractBeanFactory.lambda$doGetBean$0(Ljava/lang/String;Lorg/springframework/beans/factory/support/RootBeanDefinition;[Ljava/lang/Object;)Ljava/lang/Object;+4
j  org.springframework.beans.factory.support.AbstractBeanFactory$$Lambda+0x000000002121a278.getObject()Ljava/lang/Object;+16
j  org.springframework.beans.factory.support.DefaultSingletonBeanRegistry.getSingleton(Ljava/lang/String;Lorg/springframework/beans/factory/ObjectFactory;)Ljava/lang/Object;+897
J 3716 c1 org.springframework.beans.factory.support.AbstractBeanFactory.doGetBean(Ljava/lang/String;Ljava/lang/Class;[Ljava/lang/Object;Z)Ljava/lang/Object; (791 bytes) @ 0x000001a8b0250214 [0x000001a8b024fb80+0x0000000000000694]
j  org.springframework.beans.factory.support.AbstractBeanFactory.getBean(Ljava/lang/String;)Ljava/lang/Object;+5
j  org.springframework.beans.factory.support.BeanDefinitionValueResolver.resolveReference(Ljava/lang/Object;Lorg/springframework/beans/factory/config/RuntimeBeanReference;)Ljava/lang/Object;+192
j  org.springframework.beans.factory.support.BeanDefinitionValueResolver.resolveValueIfNecessary(Ljava/lang/Object;Ljava/lang/Object;)Ljava/lang/Object;+15
j  org.springframework.beans.factory.support.ConstructorResolver.resolveConstructorArguments(Ljava/lang/String;Lorg/springframework/beans/factory/support/RootBeanDefinition;Lorg/springframework/beans/BeanWrapper;Lorg/springframework/beans/factory/config/ConstructorArgumentValues;Lorg/springframework/beans/factory/config/ConstructorArgumentValues;)I+182
j  org.springframework.beans.factory.support.ConstructorResolver.instantiateUsingFactoryMethod(Ljava/lang/String;Lorg/springframework/beans/factory/support/RootBeanDefinition;[Ljava/lang/Object;)Lorg/springframework/beans/BeanWrapper;+588
j  org.springframework.beans.factory.support.AbstractAutowireCapableBeanFactory.instantiateUsingFactoryMethod(Ljava/lang/String;Lorg/springframework/beans/factory/support/RootBeanDefinition;[Ljava/lang/Object;)Lorg/springframework/beans/BeanWrapper;+11
j  org.springframework.beans.factory.support.AbstractAutowireCapableBeanFactory.createBeanInstance(Ljava/lang/String;Lorg/springframework/beans/factory/support/RootBeanDefinition;[Ljava/lang/Object;)Lorg/springframework/beans/BeanWrapper;+93
j  org.springframework.beans.factory.support.AbstractAutowireCapableBeanFactory.doCreateBean(Ljava/lang/String;Lorg/springframework/beans/factory/support/RootBeanDefinition;[Ljava/lang/Object;)Ljava/lang/Object;+34
j  org.springframework.beans.factory.support.AbstractAutowireCapableBeanFactory.createBean(Ljava/lang/String;Lorg/springframework/beans/factory/support/RootBeanDefinition;[Ljava/lang/Object;)Ljava/lang/Object;+153
j  org.springframework.beans.factory.support.AbstractBeanFactory.lambda$doGetBean$0(Ljava/lang/String;Lorg/springframework/beans/factory/support/RootBeanDefinition;[Ljava/lang/Object;)Ljava/lang/Object;+4
j  org.springframework.beans.factory.support.AbstractBeanFactory$$Lambda+0x000000002121a278.getObject()Ljava/lang/Object;+16
j  org.springframework.beans.factory.support.DefaultSingletonBeanRegistry.getSingleton(Ljava/lang/String;Lorg/springframework/beans/factory/ObjectFactory;)Ljava/lang/Object;+897
J 3716 c1 org.springframework.beans.factory.support.AbstractBeanFactory.doGetBean(Ljava/lang/String;Ljava/lang/Class;[Ljava/lang/Object;Z)Ljava/lang/Object; (791 bytes) @ 0x000001a8b0250214 [0x000001a8b024fb80+0x0000000000000694]
J 3725 c1 org.springframework.beans.factory.support.AbstractBeanFactory.getBean(Ljava/lang/String;Ljava/lang/Class;)Ljava/lang/Object; (9 bytes) @ 0x000001a8b0252554 [0x000001a8b0252500+0x0000000000000054]
j  org.springframework.beans.factory.support.BeanDefinitionValueResolver.resolveReference(Ljava/lang/Object;Lorg/springframework/beans/factory/config/RuntimeBeanReference;)Ljava/lang/Object;+152
j  org.springframework.beans.factory.support.BeanDefinitionValueResolver.resolveValueIfNecessary(Ljava/lang/Object;Ljava/lang/Object;)Ljava/lang/Object;+15
j  org.springframework.beans.factory.support.AbstractAutowireCapableBeanFactory.applyPropertyValues(Ljava/lang/String;Lorg/springframework/beans/factory/config/BeanDefinition;Lorg/springframework/beans/BeanWrapper;Lorg/springframework/beans/PropertyValues;)V+277
j  org.springframework.beans.factory.support.AbstractAutowireCapableBeanFactory.populateBean(Ljava/lang/String;Lorg/springframework/beans/factory/support/RootBeanDefinition;Lorg/springframework/beans/BeanWrapper;)V+351
j  org.springframework.beans.factory.support.AbstractAutowireCapableBeanFactory.doCreateBean(Ljava/lang/String;Lorg/springframework/beans/factory/support/RootBeanDefinition;[Ljava/lang/Object;)Ljava/lang/Object;+220
j  org.springframework.beans.factory.support.AbstractAutowireCapableBeanFactory.createBean(Ljava/lang/String;Lorg/springframework/beans/factory/support/RootBeanDefinition;[Ljava/lang/Object;)Ljava/lang/Object;+153
j  org.springframework.beans.factory.support.AbstractBeanFactory.lambda$doGetBean$0(Ljava/lang/String;Lorg/springframework/beans/factory/support/RootBeanDefinition;[Ljava/lang/Object;)Ljava/lang/Object;+4
j  org.springframework.beans.factory.support.AbstractBeanFactory$$Lambda+0x000000002121a278.getObject()Ljava/lang/Object;+16
j  org.springframework.beans.factory.support.DefaultSingletonBeanRegistry.getSingleton(Ljava/lang/String;Lorg/springframework/beans/factory/ObjectFactory;)Ljava/lang/Object;+897
J 3716 c1 org.springframework.beans.factory.support.AbstractBeanFactory.doGetBean(Ljava/lang/String;Ljava/lang/Class;[Ljava/lang/Object;Z)Ljava/lang/Object; (791 bytes) @ 0x000001a8b0250214 [0x000001a8b024fb80+0x0000000000000694]
J 3725 c1 org.springframework.beans.factory.support.AbstractBeanFactory.getBean(Ljava/lang/String;Ljava/lang/Class;)Ljava/lang/Object; (9 bytes) @ 0x000001a8b0252554 [0x000001a8b0252500+0x0000000000000054]
j  org.springframework.beans.factory.support.DefaultListableBeanFactory.resolveBean(Ljava/lang/String;Lorg/springframework/core/ResolvableType;)Ljava/lang/Object;+6
j  org.springframework.beans.factory.support.DefaultListableBeanFactory.doResolveDependency(Lorg/springframework/beans/factory/config/DependencyDescriptor;Ljava/lang/String;Ljava/util/Set;Lorg/springframework/beans/TypeConverter;)Ljava/lang/Object;+350
j  org.springframework.beans.factory.support.DefaultListableBeanFactory.resolveDependency(Lorg/springframework/beans/factory/config/DependencyDescriptor;Ljava/lang/String;Ljava/util/Set;Lorg/springframework/beans/TypeConverter;)Ljava/lang/Object;+115
j  org.springframework.beans.factory.support.ConstructorResolver.resolveAutowiredArgument(Lorg/springframework/beans/factory/config/DependencyDescriptor;Ljava/lang/Class;Ljava/lang/String;Ljava/util/Set;Lorg/springframework/beans/TypeConverter;Z)Ljava/lang/Object;+56
j  org.springframework.beans.factory.support.ConstructorResolver.createArgumentArray(Ljava/lang/String;Lorg/springframework/beans/factory/support/RootBeanDefinition;Lorg/springframework/beans/factory/config/ConstructorArgumentValues;Lorg/springframework/beans/BeanWrapper;[Ljava/lang/Class;[Ljava/lang/String;Ljava/lang/reflect/Executable;ZZ)Lorg/springframework/beans/factory/support/ConstructorResolver$ArgumentsHolder;+420
j  org.springframework.beans.factory.support.ConstructorResolver.autowireConstructor(Ljava/lang/String;Lorg/springframework/beans/factory/support/RootBeanDefinition;[Ljava/lang/reflect/Constructor;[Ljava/lang/Object;)Lorg/springframework/beans/BeanWrapper;+533
j  org.springframework.beans.factory.support.AbstractAutowireCapableBeanFactory.autowireConstructor(Ljava/lang/String;Lorg/springframework/beans/factory/support/RootBeanDefinition;[Ljava/lang/reflect/Constructor;[Ljava/lang/Object;)Lorg/springframework/beans/BeanWrapper;+13
j  org.springframework.beans.factory.support.AbstractAutowireCapableBeanFactory.createBeanInstance(Ljava/lang/String;Lorg/springframework/beans/factory/support/RootBeanDefinition;[Ljava/lang/Object;)Lorg/springframework/beans/BeanWrapper;+213
j  org.springframework.beans.factory.support.AbstractAutowireCapableBeanFactory.doCreateBean(Ljava/lang/String;Lorg/springframework/beans/factory/support/RootBeanDefinition;[Ljava/lang/Object;)Ljava/lang/Object;+34
j  org.springframework.beans.factory.support.AbstractAutowireCapableBeanFactory.createBean(Ljava/lang/String;Lorg/springframework/beans/factory/support/RootBeanDefinition;[Ljava/lang/Object;)Ljava/lang/Object;+153
j  org.springframework.beans.factory.support.AbstractBeanFactory.lambda$doGetBean$0(Ljava/lang/String;Lorg/springframework/beans/factory/support/RootBeanDefinition;[Ljava/lang/Object;)Ljava/lang/Object;+4
j  org.springframework.beans.factory.support.AbstractBeanFactory$$Lambda+0x000000002121a278.getObject()Ljava/lang/Object;+16
j  org.springframework.beans.factory.support.DefaultSingletonBeanRegistry.getSingleton(Ljava/lang/String;Lorg/springframework/beans/factory/ObjectFactory;)Ljava/lang/Object;+897
J 3716 c1 org.springframework.beans.factory.support.AbstractBeanFactory.doGetBean(Ljava/lang/String;Ljava/lang/Class;[Ljava/lang/Object;Z)Ljava/lang/Object; (791 bytes) @ 0x000001a8b0250214 [0x000001a8b024fb80+0x0000000000000694]
J 3725 c1 org.springframework.beans.factory.support.AbstractBeanFactory.getBean(Ljava/lang/String;Ljava/lang/Class;)Ljava/lang/Object; (9 bytes) @ 0x000001a8b0252554 [0x000001a8b0252500+0x0000000000000054]
j  org.springframework.beans.factory.config.DependencyDescriptor.resolveCandidate(Ljava/lang/String;Ljava/lang/Class;Lorg/springframework/beans/factory/BeanFactory;)Ljava/lang/Object;+3
j  org.springframework.beans.factory.support.DefaultListableBeanFactory.doResolveDependency(Lorg/springframework/beans/factory/config/DependencyDescriptor;Ljava/lang/String;Ljava/util/Set;Lorg/springframework/beans/TypeConverter;)Ljava/lang/Object;+645
j  org.springframework.beans.factory.support.DefaultListableBeanFactory.resolveDependency(Lorg/springframework/beans/factory/config/DependencyDescriptor;Ljava/lang/String;Ljava/util/Set;Lorg/springframework/beans/TypeConverter;)Ljava/lang/Object;+115
j  org.springframework.beans.factory.support.ConstructorResolver.resolveAutowiredArgument(Lorg/springframework/beans/factory/config/DependencyDescriptor;Ljava/lang/Class;Ljava/lang/String;Ljava/util/Set;Lorg/springframework/beans/TypeConverter;Z)Ljava/lang/Object;+56
j  org.springframework.beans.factory.support.ConstructorResolver.createArgumentArray(Ljava/lang/String;Lorg/springframework/beans/factory/support/RootBeanDefinition;Lorg/springframework/beans/factory/config/ConstructorArgumentValues;Lorg/springframework/beans/BeanWrapper;[Ljava/lang/Class;[Ljava/lang/String;Ljava/lang/reflect/Executable;ZZ)Lorg/springframework/beans/factory/support/ConstructorResolver$ArgumentsHolder;+420
j  org.springframework.beans.factory.support.ConstructorResolver.autowireConstructor(Ljava/lang/String;Lorg/springframework/beans/factory/support/RootBeanDefinition;[Ljava/lang/reflect/Constructor;[Ljava/lang/Object;)Lorg/springframework/beans/BeanWrapper;+533
j  org.springframework.beans.factory.support.AbstractAutowireCapableBeanFactory.autowireConstructor(Ljava/lang/String;Lorg/springframework/beans/factory/support/RootBeanDefinition;[Ljava/lang/reflect/Constructor;[Ljava/lang/Object;)Lorg/springframework/beans/BeanWrapper;+13
j  org.springframework.beans.factory.support.AbstractAutowireCapableBeanFactory.createBeanInstance(Ljava/lang/String;Lorg/springframework/beans/factory/support/RootBeanDefinition;[Ljava/lang/Object;)Lorg/springframework/beans/BeanWrapper;+213
j  org.springframework.beans.factory.support.AbstractAutowireCapableBeanFactory.doCreateBean(Ljava/lang/String;Lorg/springframework/beans/factory/support/RootBeanDefinition;[Ljava/lang/Object;)Ljava/lang/Object;+34
j  org.springframework.beans.factory.support.AbstractAutowireCapableBeanFactory.createBean(Ljava/lang/String;Lorg/springframework/beans/factory/support/RootBeanDefinition;[Ljava/lang/Object;)Ljava/lang/Object;+153
j  org.springframework.beans.factory.support.AbstractBeanFactory.lambda$doGetBean$0(Ljava/lang/String;Lorg/springframework/beans/factory/support/RootBeanDefinition;[Ljava/lang/Object;)Ljava/lang/Object;+4
j  org.springframework.beans.factory.support.AbstractBeanFactory$$Lambda+0x000000002121a278.getObject()Ljava/lang/Object;+16
j  org.springframework.beans.factory.support.DefaultSingletonBeanRegistry.getSingleton(Ljava/lang/String;Lorg/springframework/beans/factory/ObjectFactory;)Ljava/lang/Object;+897
J 3716 c1 org.springframework.beans.factory.support.AbstractBeanFactory.doGetBean(Ljava/lang/String;Ljava/lang/Class;[Ljava/lang/Object;Z)Ljava/lang/Object; (791 bytes) @ 0x000001a8b0250214 [0x000001a8b024fb80+0x0000000000000694]
J 3725 c1 org.springframework.beans.factory.support.AbstractBeanFactory.getBean(Ljava/lang/String;Ljava/lang/Class;)Ljava/lang/Object; (9 bytes) @ 0x000001a8b0252554 [0x000001a8b0252500+0x0000000000000054]
j  org.springframework.boot.web.servlet.ServletContextInitializerBeans.getOrderedBeansOfType(Lorg/springframework/beans/factory/ListableBeanFactory;Ljava/lang/Class;Lorg/springframework/boot/web/servlet/ServletContextInitializerBeans$Seen;)Ljava/util/List;+68
j  org.springframework.boot.web.servlet.ServletContextInitializerBeans.addAsRegistrationBean(Lorg/springframework/beans/factory/ListableBeanFactory;Ljava/lang/Class;Ljava/lang/Class;Lorg/springframework/boot/web/servlet/ServletContextInitializerBeans$RegistrationBeanAdapter;)V+7
j  org.springframework.boot.web.servlet.ServletContextInitializerBeans.addAsRegistrationBean(Lorg/springframework/beans/factory/ListableBeanFactory;Ljava/lang/Class;Lorg/springframework/boot/web/servlet/ServletContextInitializerBeans$RegistrationBeanAdapter;)V+5
j  org.springframework.boot.web.servlet.ServletContextInitializerBeans.addAdaptableBeans(Lorg/springframework/beans/factory/ListableBeanFactory;)V+34
j  org.springframework.boot.web.servlet.ServletContextInitializerBeans.<init>(Lorg/springframework/beans/factory/ListableBeanFactory;[Ljava/lang/Class;)V+54
j  org.springframework.boot.web.context.servlet.WebApplicationContextInitializer.initialize(Ljakarta/servlet/ServletContext;)V+49
j  org.springframework.boot.web.server.servlet.context.ServletWebServerApplicationContext$$Lambda+0x0000000021466ae8.onStartup(Ljakarta/servlet/ServletContext;)V+5
j  org.springframework.boot.tomcat.servlet.DeferredServletContainerInitializers.onStartup(Ljava/util/Set;Ljakarta/servlet/ServletContext;)V+33
j  org.apache.catalina.core.StandardContext.startInternal()V+1043
j  org.apache.catalina.util.LifecycleBase.start()V+210
j  org.apache.catalina.core.ContainerBase$StartChild.call()Ljava/lang/Void;+4
j  org.apache.catalina.core.ContainerBase$StartChild.call()Ljava/lang/Object;+1
j  java.util.concurrent.FutureTask.run()V+39 java.base@25.0.2
j  org.apache.tomcat.util.threads.InlineExecutorService.execute(Ljava/lang/Runnable;)V+38
j  java.util.concurrent.AbstractExecutorService.submit(Ljava/util/concurrent/Callable;)Ljava/util/concurrent/Future;+15 java.base@25.0.2
j  org.apache.catalina.core.ContainerBase.startInternal()V+116
j  org.apache.catalina.core.StandardHost.startInternal()V+177
j  org.apache.catalina.util.LifecycleBase.start()V+210
j  org.apache.catalina.core.ContainerBase$StartChild.call()Ljava/lang/Void;+4
j  org.apache.catalina.core.ContainerBase$StartChild.call()Ljava/lang/Object;+1
j  java.util.concurrent.FutureTask.run()V+39 java.base@25.0.2
j  org.apache.tomcat.util.threads.InlineExecutorService.execute(Ljava/lang/Runnable;)V+38
j  java.util.concurrent.AbstractExecutorService.submit(Ljava/util/concurrent/Callable;)Ljava/util/concurrent/Future;+15 java.base@25.0.2
j  org.apache.catalina.core.ContainerBase.startInternal()V+116
j  org.apache.catalina.core.StandardEngine.startInternal()V+38
j  org.apache.catalina.util.LifecycleBase.start()V+210
j  org.apache.catalina.core.StandardService.startInternal()V+56
j  org.apache.catalina.util.LifecycleBase.start()V+210
j  org.apache.catalina.core.StandardServer.startInternal()V+84
j  org.apache.catalina.util.LifecycleBase.start()V+210
j  org.apache.catalina.startup.Tomcat.start()V+9
j  org.springframework.boot.tomcat.TomcatWebServer.initialize()V+55
j  org.springframework.boot.tomcat.TomcatWebServer.<init>(Lorg/apache/catalina/startup/Tomcat;ZLorg/springframework/boot/web/server/Shutdown;)V+66
j  org.springframework.boot.tomcat.servlet.TomcatServletWebServerFactory.getTomcatWebServer(Lorg/apache/catalina/startup/Tomcat;)Lorg/springframework/boot/tomcat/TomcatWebServer;+21
j  org.springframework.boot.tomcat.servlet.TomcatServletWebServerFactory.getWebServer([Lorg/springframework/boot/web/servlet/ServletContextInitializer;)Lorg/springframework/boot/web/server/WebServer;+30
j  org.springframework.boot.web.server.servlet.context.ServletWebServerApplicationContext.createWebServer()V+68
j  org.springframework.boot.web.server.servlet.context.ServletWebServerApplicationContext.onRefresh()V+5
j  org.springframework.context.support.AbstractApplicationContext.refresh()V+85
j  org.springframework.boot.web.server.servlet.context.ServletWebServerApplicationContext.refresh()V+1
j  org.springframework.boot.SpringApplication.refresh(Lorg/springframework/context/ConfigurableApplicationContext;)V+1
j  org.springframework.boot.SpringApplication.refreshContext(Lorg/springframework/context/ConfigurableApplicationContext;)V+19
j  org.springframework.boot.SpringApplication.run([Ljava/lang/String;)Lorg/springframework/context/ConfigurableApplicationContext;+113
j  org.springframework.boot.SpringApplication.run([Ljava/lang/Class;[Ljava/lang/String;)Lorg/springframework/context/ConfigurableApplicationContext;+9
j  org.springframework.boot.SpringApplication.run(Ljava/lang/Class;[Ljava/lang/String;)Lorg/springframework/context/ConfigurableApplicationContext;+9
j  za.ac.cput.UniExchangeApplication.main([Ljava/lang/String;)V+16
v  ~StubRoutines::call_stub 0x000001a8afbd12ed
Lock stack of current Java thread (top to bottom):
LockStack[0]: java.lang.Object 
{0x0000000085e6e998} - klass: 'java/lang/Object' - flags: 

 - ---- fields (total size 2 words):


Compiled method (n/a) 19707  939     n 0       java.lang.ClassLoader::defineClass1 (native)
 total in heap  [0x000001a8afe0a888,0x000001a8afe0adb0] = 1320
 main code      [0x000001a8afe0a980,0x000001a8afe0adae] = 1070
 stub code      [0x000001a8afe0adae,0x000001a8afe0adb0] = 2
 mutable data [0x000001a8bc70caa0,0x000001a8bc70cac0] = 32
 relocation     [0x000001a8bc70caa0,0x000001a8bc70cac0] = 32

[Constant Pool (empty)]

[MachCode]
[Entry Point]
  # {method} {0x00000000204a3450} 'defineClass1' '(Ljava/lang/ClassLoader;Ljava/lang/String;[BIILjava/security/ProtectionDomain;Ljava/lang/String;)Ljava/lang/Class;' in 'java/lang/ClassLoader'
  # parm0:    rdx:rdx   = 'java/lang/ClassLoader'
  # parm1:    r8:r8     = 'java/lang/String'
  # parm2:    r9:r9     = '[B'
  # parm3:    rdi       = int
  # parm4:    rsi       = int
  # parm5:    rcx:rcx   = 'java/security/ProtectionDomain'
  # parm6:    [sp+0xa0]   = 'java/lang/String'  (sp of caller)
  0x000001a8afe0a980: 6690 448b | 5208 443b 

  0x000001a8afe0a988: ;   {runtime_call Shared Runtime ic_miss_blob}
  0x000001a8afe0a988: 5008 0f85 | 5043 e1ff 
[Verified Entry Point]
  0x000001a8afe0a990: 8984 2400 | 80ff ff55 | 488b ec48 | 81ec 9000 | 0000 6690 | 4181 7f20 | 0500 0000 

  0x000001a8afe0a9ac: ;   {runtime_call Stub::method_entry_barrier}
  0x000001a8afe0a9ac: 7405 e8ed | bbdf ff48 | 837d 1000 | 488d 4510 | 480f 4445 | 1048 8944 | 2440 4889 | 4c24 7048 
  0x000001a8afe0a9cc: 83f9 0048 | 8d44 2470 | 480f 4444 | 2470 4889 | 4424 3848 | 8974 2430 | 4889 7c24 | 284c 894c 
  0x000001a8afe0a9ec: 2458 4983 | f900 488d | 4424 5848 | 0f44 4424 | 5848 8944 | 2420 4c89 | 4424 5049 | 83f8 004c 
  0x000001a8afe0aa0c: 8d4c 2450 | 4c0f 444c | 2450 4889 | 5424 4848 | 83fa 004c | 8d44 2448 | 4c0f 4444 

  0x000001a8afe0aa28: ;   {oop(a 'java/lang/Class'{0x00000000ffe7fda0} = 'java/lang/ClassLoader')}
  0x000001a8afe0aa28: 2448 49be | a0fd e7ff | 0000 0000 | 4c89 7424 | 784c 8d74 | 2478 498b | d6c5 f877 

  0x000001a8afe0aa44: ;   {internal_word}
  0x000001a8afe0aa44: 49ba 41aa | e0af a801 | 0000 4d89 | 9730 0400 | 0049 89a7 | 2804 0000 | 498d 8f48 | 0400 0041 
  0x000001a8afe0aa64: c787 d404 | 0000 0400 

  0x000001a8afe0aa6c: ;   {runtime_call}
  0x000001a8afe0aa6c: 0000 48b8 | a816 e800 | ff7f 0000 | ffd0 c5f8 | 7741 c787 | d404 0000 | 0500 0000 | f083 4424 
  0x000001a8afe0aa8c: c000 493b | 6f28 0f87 | 0e00 0000 | 4183 bfd0 | 0400 0000 | 0f84 2b00 | 0000 c5f8 | 7748 8945 
  0x000001a8afe0aaac: f849 8bcf | 4c8b e448 | 83ec 2048 

  0x000001a8afe0aab8: ;   {runtime_call}
  0x000001a8afe0aab8: 83e4 f048 | b8c0 51aa | 91fe 7f00 | 00ff d049 | 8be4 4d33 | e448 8b45 | f841 c787 | d404 0000 
  0x000001a8afe0aad8: 0800 0000 | 4183 bf50 | 0500 0002 | 0f84 9702 | 0000 49c7 | 8728 0400 | 0000 0000 | 0049 c787 
  0x000001a8afe0aaf8: 3004 0000 | 0000 0000 | c5f8 7748 | 85c0 0f84 | 3502 0000 | a803 0f85 | 0800 0000 | 488b 00e9 
  0x000001a8afe0ab18: 2502 0000 | a801 0f85 | 0900 0000 | 488b 40fe | e914 0200 | 0048 8b40 | ff41 807f | 4800 0f84 
  0x000001a8afe0ab38: 0502 0000 | 4883 f800 | 0f84 fb01 | 0000 498b | 4f38 4885 | c90f 8414 | 0000 0048 | 83e9 0849 
  0x000001a8afe0ab58: 894f 3849 | 034f 4048 | 8901 e9da | 0100 0048 | 81ec f000 | 0000 4889 | 0424 4889 | 4c24 0848 
  0x000001a8afe0ab78: 8954 2410 | 4c89 4424 | 184c 894c | 2420 4c89 | 5424 284c | 895c 2430 | c5fb 1144 | 2440 c5fb 
  0x000001a8afe0ab98: 114c 2448 | c5fb 1154 | 2450 c5fb | 115c 2458 | c5fb 1164 | 2460 c5fb | 116c 2468 | 62e1 ff08 
  0x000001a8afe0abb8: ;   {other}
  0x000001a8afe0abb8: 1144 240e | 62e1 ff08 | 114c 240f | 62e1 ff08 | 1154 2410 | 62e1 ff08 | 115c 2411 | 62e1 ff08 
  0x000001a8afe0abd8: 1164 2412 | 62e1 ff08 | 116c 2413 | 62e1 ff08 | 1174 2414 | 62e1 ff08 | 117c 2415 | 6261 ff08 
  0x000001a8afe0abf8: 1144 2416 | 6261 ff08 | 114c 2417 | 6261 ff08 | 1154 2418 | 6261 ff08 | 115c 2419 | 6261 ff08 
  0x000001a8afe0ac18: 1164 241a | 6261 ff08 | 116c 241b | 6261 ff08 | 1174 241c | 6261 ff08 | 117c 241d | 498b d748 
  0x000001a8afe0ac38: 8bc8 4883 | ec20 40f6 | c40f 0f84 | 1900 0000 | 4883 ec08 

  0x000001a8afe0ac4c: ;   {runtime_call}
  0x000001a8afe0ac4c: 48b8 c0fd | 9c91 fe7f | 0000 ffd0 | 4883 c408 | e90c 0000 

  0x000001a8afe0ac60: ;   {runtime_call}
  0x000001a8afe0ac60: 0048 b8c0 | fd9c 91fe | 7f00 00ff | d048 83c4 | 2062 61ff | 0810 7c24 | 1d62 61ff | 0810 7424 
  0x000001a8afe0ac80: 1c62 61ff | 0810 6c24 | 1b62 61ff | 0810 6424 | 1a62 61ff | 0810 5c24 | 1962 61ff | 0810 5424 
  0x000001a8afe0aca0: 1862 61ff | 0810 4c24 | 1762 61ff | 0810 4424 | 1662 e1ff | 0810 7c24 | 1562 e1ff | 0810 7424 
  0x000001a8afe0acc0: 1462 e1ff | 0810 6c24 | 1362 e1ff | 0810 6424 | 1262 e1ff | 0810 5c24 | 1162 e1ff | 0810 5424 
  0x000001a8afe0ace0: 1062 e1ff | 0810 4c24 | 0f62 e1ff | 0810 4424 | 0ec5 fb10 | 6c24 68c5 | fb10 6424 | 60c5 fb10 
  0x000001a8afe0ad00: 5c24 58c5 | fb10 5424 | 50c5 fb10 | 4c24 48c5 | fb10 4424 | 404c 8b5c | 2430 4c8b | 5424 284c 
  0x000001a8afe0ad20: 8b4c 2420 | 4c8b 4424 | 1848 8b54 | 2410 488b | 4c24 0848 | 8b04 2448 | 81c4 f000 | 0000 c5f8 
  0x000001a8afe0ad40: 7749 8b8f | b804 0000 | c781 0001 | 0000 0000 

  0x000001a8afe0ad50: ;   {poll_return}
  0x000001a8afe0ad50: 0000 c941 | f647 2801 

  0x000001a8afe0ad58: ;   {internal_word}
  0x000001a8afe0ad58: 7416 49ba | 53ad e0af | a801 0000 | 4d89 97e0 

  0x000001a8afe0ad68: ;   {runtime_call SafepointBlob}
  0x000001a8afe0ad68: 0400 00e9 | f074 e1ff | 4983 7f08 | 000f 8501 | 0000 00c3 

  0x000001a8afe0ad7c: ;   {runtime_call Stub::forward_exception}
  0x000001a8afe0ad7c: e95f 64dc | ffc5 f877 | 4889 45f8 | 4c8b e448 | 83ec 2048 

  0x000001a8afe0ad90: ;   {runtime_call}
  0x000001a8afe0ad90: 83e4 f048 | b830 c0e3 | 91fe 7f00 | 00ff d049 | 8be4 4d33 | e448 8b45 | f8e9 3cfd | ffff f4f4 
[/MachCode]


Compiled method (c1) 19717 1211       1       java.lang.ClassLoader::defineClass (43 bytes)
 total in heap  [0x000001a8afe60d08,0x000001a8afe61038] = 816
 main code      [0x000001a8afe60e00,0x000001a8afe60fc0] = 448
 stub code      [0x000001a8afe60fc0,0x000001a8afe61038] = 120
 mutable data [0x000001a8bc88a430,0x000001a8bc88a4d8] = 168
 relocation     [0x000001a8bc88a430,0x000001a8bc88a498] = 104
 metadata       [0x000001a8bc88a498,0x000001a8bc88a4d8] = 64
 immutable data [0x000001a8bc6b7a80,0x000001a8bc6b7c18] = 408
 dependencies   [0x000001a8bc6b7a80,0x000001a8bc6b7a98] = 24
 nul chk table  [0x000001a8bc6b7a98,0x000001a8bc6b7ac0] = 40
 scopes pcs     [0x000001a8bc6b7ac0,0x000001a8bc6b7b60] = 160
 scopes data    [0x000001a8bc6b7b60,0x000001a8bc6b7c18] = 184

[Constant Pool (empty)]

[MachCode]
[Instructions begin]
  0x000001a8afe60e00: 6666 660f | 1f84 0000 | 0000 0066 | 6666 9066 | 6690 448b | 5208 443b 

  0x000001a8afe60e18: ;   {runtime_call Shared Runtime ic_miss_blob}
  0x000001a8afe60e18: 5008 0f85 | c0de dbff 
[Verified Entry Point]
  0x000001a8afe60e20: 8984 2400 | 80ff ff55 | 4881 ecb0 | 0000 0090 | 4181 7f20 | 0500 0000 

  0x000001a8afe60e38: ;   {runtime_call Stub::method_entry_barrier}
  0x000001a8afe60e38: 7405 e861 | 57da ff48 | 8954 2478 | 89b4 2494 | 0000 0089 | bc24 9000 | 0000 4c89 | 8c24 8800 
  0x000001a8afe60e58: 0000 498b | d84c 8bc3 | 4c8b c948 | 8bca 488b | d148 899c | 2480 0000 | 0066 0f1f 

  0x000001a8afe60e74: ;   {optimized virtual_call}
  0x000001a8afe60e74: 4400 00e8 

  0x000001a8afe60e78: ; ImmutableOopMap {[120]=Oop [128]=Oop [136]=Oop }
                      ;*invokevirtual preDefineClass {reexecute=0 rethrow=0 return_oop=0}
                      ; - java.lang.ClassLoader::defineClass@4 (line 960)
  0x000001a8afe60e78: 24b4 ffff 

  0x000001a8afe60e7c: ;   {post_call_nop}
  0x000001a8afe60e7c: 0f1f 8400 | 7401 0000 | 4889 8424 | 9800 0000 

  0x000001a8afe60e8c: ; implicit exception: dispatches to 0x000001a8afe60f67
  0x000001a8afe60e8c: 448b 4010 | 4d85 c00f | 850f 0000 

  0x000001a8afe60e98: ;   {oop(nullptr)}
  0x000001a8afe60e98: 0048 bb00 | 0000 0000 | 0000 00e9 | 3f00 0000 

  0x000001a8afe60ea8: ; implicit exception: dispatches to 0x000001a8afe60f6c
  0x000001a8afe60ea8: 458b 400c | 4d85 c00f | 850f 0000 

  0x000001a8afe60eb4: ;   {oop(nullptr)}
  0x000001a8afe60eb4: 0048 bb00 | 0000 0000 | 0000 00e9 | 2300 0000 

  0x000001a8afe60ec4: ; implicit exception: dispatches to 0x000001a8afe60f71
  0x000001a8afe60ec4: 418b 5038 

  0x000001a8afe60ec8: ; implicit exception: dispatches to 0x000001a8afe60f76
  0x000001a8afe60ec8: 483b 020f 

  0x000001a8afe60ecc: ;   {optimized virtual_call}
  0x000001a8afe60ecc: 1f40 00e8 

  0x000001a8afe60ed0: ; ImmutableOopMap {[120]=Oop [128]=Oop [136]=Oop [152]=Oop }
                      ;*invokevirtual toExternalForm {reexecute=0 rethrow=0 return_oop=0}
                      ; - java.net.URL::toExternalForm@5 (line 1153)
                      ; - java.net.URL::toString@1 (line 1139)
                      ; - java.lang.ClassLoader::defineClassSourceLocation@22 (line 864)
                      ; - java.lang.ClassLoader::defineClass@12 (line 961)
  0x000001a8afe60ed0: cc81 fbff 

  0x000001a8afe60ed4: ;   {post_call_nop}
  0x000001a8afe60ed4: 0f1f 8400 | cc01 0001 | 488b d848 | 8b84 2498 | 0000 008b | b424 9400 | 0000 8bbc | 2490 0000 
  0x000001a8afe60ef4: 004c 8b8c | 2488 0000 | 004c 8b84 | 2480 0000 | 0048 8b54 | 2478 4c8b | da49 8bd3 | 488b c848 
  0x000001a8afe60f14: ;   {static_call}
  0x000001a8afe60f14: 891c 24e8 

  0x000001a8afe60f18: ; ImmutableOopMap {[120]=Oop [152]=Oop }
                      ;*invokestatic defineClass1 {reexecute=0 rethrow=0 return_oop=0}
                      ; - java.lang.ClassLoader::defineClass@27 (line 962)
  0x000001a8afe60f18: 749a faff 

  0x000001a8afe60f1c: ;   {post_call_nop}
  0x000001a8afe60f1c: 0f1f 8400 | 1402 0002 | 4c8b c04c | 8b8c 2498 | 0000 0048 | 8b54 2478 | 4889 8424 | a000 0000 
  0x000001a8afe60f3c: ;   {optimized virtual_call}
  0x000001a8afe60f3c: 6666 90e8 

  0x000001a8afe60f40: ; ImmutableOopMap {[160]=Oop }
                      ;*invokevirtual postDefineClass {reexecute=0 rethrow=0 return_oop=0}
                      ; - java.lang.ClassLoader::defineClass@37 (line 963)
  0x000001a8afe60f40: dccb ffff 

  0x000001a8afe60f44: ;   {post_call_nop}
  0x000001a8afe60f44: 0f1f 8400 | 3c02 0003 | 488b 8424 | a000 0000 | 4881 c4b0 | 0000 005d 

  0x000001a8afe60f5c: ;   {poll_return}
  0x000001a8afe60f5c: 493b 6728 | 0f87 1500 

  0x000001a8afe60f64: ;   {runtime_call C1 Runtime throw_null_pointer_exception_blob}
  0x000001a8afe60f64: 0000 c3e8 

  0x000001a8afe60f68: ; ImmutableOopMap {rax=Oop [120]=Oop [128]=Oop [136]=Oop [152]=Oop }
                      ;*invokevirtual getCodeSource {reexecute=0 rethrow=0 return_oop=0}
                      ; - java.lang.ClassLoader::defineClassSourceLocation@1 (line 861)
                      ; - java.lang.ClassLoader::defineClass@12 (line 961)
  0x000001a8afe60f68: 749e e7ff 

  0x000001a8afe60f6c: ;   {runtime_call C1 Runtime throw_null_pointer_exception_blob}
  0x000001a8afe60f6c: e86f 9ee7 

  0x000001a8afe60f70: ; ImmutableOopMap {rax=Oop [120]=Oop [128]=Oop [136]=Oop [152]=Oop }
                      ;*invokevirtual getLocation {reexecute=0 rethrow=0 return_oop=0}
                      ; - java.lang.ClassLoader::defineClassSourceLocation@12 (line 863)
                      ; - java.lang.ClassLoader::defineClass@12 (line 961)
                      ;   {runtime_call C1 Runtime throw_null_pointer_exception_blob}
  0x000001a8afe60f70: ffe8 6a9e 

  0x000001a8afe60f74: ; ImmutableOopMap {r8=Oop [120]=Oop [128]=Oop [136]=Oop [152]=Oop }
                      ;*invokevirtual toString {reexecute=0 rethrow=0 return_oop=0}
                      ; - java.lang.ClassLoader::defineClassSourceLocation@22 (line 864)
                      ; - java.lang.ClassLoader::defineClass@12 (line 961)
                      ;   {runtime_call C1 Runtime throw_null_pointer_exception_blob}
  0x000001a8afe60f74: e7ff e865 

  0x000001a8afe60f78: ; ImmutableOopMap {r8=Oop rdx=Oop [120]=Oop [128]=Oop [136]=Oop [152]=Oop }
                      ;*invokevirtual toExternalForm {reexecute=0 rethrow=0 return_oop=0}
                      ; - java.net.URL::toExternalForm@5 (line 1153)
                      ; - java.net.URL::toString@1 (line 1139)
                      ; - java.lang.ClassLoader::defineClassSourceLocation@22 (line 864)
                      ; - java.lang.ClassLoader::defineClass@12 (line 961)
                      ;   {internal_word}
  0x000001a8afe60f78: 9ee7 ff49 | ba5c 0fe6 | afa8 0100 | 004d 8997 | e004 0000 

  0x000001a8afe60f8c: ;   {runtime_call SafepointBlob}
  0x000001a8afe60f8c: e9cf 12dc | ff49 8b87 | 8805 0000 | 49c7 8788 | 0500 0000 | 0000 0049 | c787 9005 | 0000 0000 
  0x000001a8afe60fac: 0000 4881 | c4b0 0000 

  0x000001a8afe60fb4: ;   {runtime_call C1 Runtime unwind_exception_blob}
  0x000001a8afe60fb4: 005d e925 | 8fe7 fff4 | f4f4 f4f4 
[Stub Code]
  0x000001a8afe60fc0: ;   {other}
  0x000001a8afe60fc0: 0f1f 4400 

  0x000001a8afe60fc4: ;   {static_stub}
  0x000001a8afe60fc4: 0048 bb00 | 0000 0000 

  0x000001a8afe60fcc: ;   {runtime_call nmethod}
  0x000001a8afe60fcc: 0000 00e9 | fbff ffff 

  0x000001a8afe60fd4: ;   {static_stub}
  0x000001a8afe60fd4: 48bb 0000 | 0000 0000 

  0x000001a8afe60fdc: ;   {runtime_call nmethod}
  0x000001a8afe60fdc: 0000 e9fb 

  0x000001a8afe60fe0: ;   {static_stub}
  0x000001a8afe60fe0: ffff ff48 | bb00 0000 | 0000 0000 

  0x000001a8afe60fec: ;   {runtime_call nmethod}
  0x000001a8afe60fec: 00e9 fbff 

  0x000001a8afe60ff0: ;   {static_stub}
  0x000001a8afe60ff0: ffff 48bb | 0000 0000 | 0000 0000 

  0x000001a8afe60ffc: ;   {runtime_call nmethod}
  0x000001a8afe60ffc: e9fb ffff 

  0x000001a8afe61000: ;   {runtime_call C1 Runtime handle_exception_from_callee_blob}
  0x000001a8afe61000: ffe8 dabf 

  0x000001a8afe61004: ;   {external_word}
  0x000001a8afe61004: e7ff 48b9 | d090 1592 | fe7f 0000 | 4883 e4f0 

  0x000001a8afe61014: ;   {runtime_call}
  0x000001a8afe61014: 48b8 8038 | d091 fe7f | 0000 ffd0 

  0x000001a8afe61020: ;   {section_word}
  0x000001a8afe61020: f449 ba21 | 10e6 afa8 | 0100 0041 

  0x000001a8afe6102c: ;   {runtime_call DeoptimizationBlob}
  0x000001a8afe6102c: 52e9 aef9 | dbff f4f4 | f4f4 f4f4 
[/MachCode]


Compiled method (c1) 19723 1065       1       jdk.internal.loader.BuiltinClassLoader::defineClass (121 bytes)
 total in heap  [0x000001a8afe37708,0x000001a8afe38040] = 2360
 main code      [0x000001a8afe37800,0x000001a8afe37f20] = 1824
 stub code      [0x000001a8afe37f20,0x000001a8afe38040] = 288
 mutable data [0x000001a8bc7b93d0,0x000001a8bc7b9570] = 416
 relocation     [0x000001a8bc7b93d0,0x000001a8bc7b9518] = 328
 metadata       [0x000001a8bc7b9518,0x000001a8bc7b9570] = 88
 immutable data [0x000001a8bc7b8f70,0x000001a8bc7b93c0] = 1104
 dependencies   [0x000001a8bc7b8f70,0x000001a8bc7b8f90] = 32
 nul chk table  [0x000001a8bc7b8f90,0x000001a8bc7b8fb0] = 32
 handler table  [0x000001a8bc7b8fb0,0x000001a8bc7b8fc8] = 24
 scopes pcs     [0x000001a8bc7b8fc8,0x000001a8bc7b9168] = 416
 scopes data    [0x000001a8bc7b9168,0x000001a8bc7b93c0] = 600

[Constant Pool (empty)]

[MachCode]
[Instructions begin]
  0x000001a8afe37800: 6666 660f | 1f84 0000 | 0000 0066 | 6666 9066 | 6690 448b | 5208 443b 

  0x000001a8afe37818: ;   {runtime_call Shared Runtime ic_miss_blob}
  0x000001a8afe37818: 5008 0f85 | c074 deff 
[Verified Entry Point]
  0x000001a8afe37820: 8984 2400 | 80ff ff55 | 4881 ec00 | 0100 0090 | 4181 7f20 | 0500 0000 

  0x000001a8afe37838: ;   {runtime_call Stub::method_entry_barrier}
  0x000001a8afe37838: 7405 e861 | eddc ff48 | 8994 24a0 | 0000 004c | 8984 2490 | 0000 004c | 898c 2498 | 0000 0049 
  0x000001a8afe37858: 8bd1 6666 | 9048 b820 | 1172 bca8 

  0x000001a8afe37864: ;   {virtual_call}
  0x000001a8afe37864: 0100 00e8 

  0x000001a8afe37868: ; ImmutableOopMap {[144]=Oop [152]=Oop [160]=Oop }
                      ;*invokevirtual getCodeSourceURL {reexecute=0 rethrow=0 return_oop=0}
                      ; - jdk.internal.loader.BuiltinClassLoader::defineClass@1 (line 756)
  0x000001a8afe37868: 7c64 ebff 

  0x000001a8afe3786c: ;   {post_call_nop}
  0x000001a8afe3786c: 0f1f 8400 | 6401 0000 | 4889 8424 | a800 0000 | 4c8b 8424 | 9000 0000 

  0x000001a8afe37884: ; implicit exception: dispatches to 0x000001a8afe37e20
  0x000001a8afe37884: 418b 7014 

  0x000001a8afe37888: ; implicit exception: dispatches to 0x000001a8afe37e25
  0x000001a8afe37888: 8b56 0c45 | 0fbe 4810 | 498b c9c1 | e118 c1f9 | 18d3 fa48 | 8bfa ffcf | 4585 c9ba | 0000 0000 
  0x000001a8afe378a8: 7505 ba01 | 0000 0083 | e201 85d2 | 488b d641 | b82e 0000 | 004c 8bcf | 0f84 1300 

  0x000001a8afe378c4: ;   {static_call}
  0x000001a8afe378c4: 0000 90e8 

  0x000001a8afe378c8: ; ImmutableOopMap {[144]=Oop [152]=Oop [160]=Oop [168]=Oop }
                      ;*invokestatic lastIndexOf {reexecute=0 rethrow=0 return_oop=0}
                      ; - java.lang.String::lastIndexOf@13 (line 2638)
                      ; - java.lang.String::lastIndexOf@8 (line 2600)
                      ; - jdk.internal.loader.BuiltinClassLoader::defineClass@8 (line 759)
  0x000001a8afe378c8: 3448 ebff 

  0x000001a8afe378cc: ;   {post_call_nop}
  0x000001a8afe378cc: 0f1f 8400 | c401 0001 | e913 0000 | 0066 0f1f 

  0x000001a8afe378dc: ;   {static_call}
  0x000001a8afe378dc: 4400 00e8 

  0x000001a8afe378e0: ; ImmutableOopMap {[144]=Oop [152]=Oop [160]=Oop [168]=Oop }
                      ;*invokestatic lastIndexOf {reexecute=0 rethrow=0 return_oop=0}
                      ; - java.lang.String::lastIndexOf@25 (line 2639)
                      ; - java.lang.String::lastIndexOf@8 (line 2600)
                      ; - jdk.internal.loader.BuiltinClassLoader::defineClass@8 (line 759)
  0x000001a8afe378e0: fc82 deff 

  0x000001a8afe378e4: ;   {post_call_nop}
  0x000001a8afe378e4: 0f1f 8400 | dc01 0002 | 83f8 ff0f | 847f 0000 | 0041 b800 | 0000 004c | 8bc8 488b | 9424 9000 
  0x000001a8afe37904: ;   {optimized virtual_call}
  0x000001a8afe37904: 0000 90e8 

  0x000001a8afe37908: ; ImmutableOopMap {[144]=Oop [152]=Oop [160]=Oop [168]=Oop }
                      ;*invokevirtual substring {reexecute=0 rethrow=0 return_oop=0}
                      ; - jdk.internal.loader.BuiltinClassLoader::defineClass@23 (line 761)
  0x000001a8afe37908: 940a eeff 

  0x000001a8afe3790c: ;   {post_call_nop}
  0x000001a8afe3790c: 0f1f 8400 | 0402 0003 | 488b 9424 | 9800 0000 | 4889 8424 | b000 0000 | 9048 b848 | 1172 bca8 
  0x000001a8afe3792c: ;   {virtual_call}
  0x000001a8afe3792c: 0100 00e8 

  0x000001a8afe37930: ; ImmutableOopMap {[144]=Oop [152]=Oop [160]=Oop [168]=Oop [176]=Oop }
                      ;*invokevirtual getManifest {reexecute=0 rethrow=0 return_oop=0}
                      ; - jdk.internal.loader.BuiltinClassLoader::defineClass@29 (line 762)
  0x000001a8afe37930: e41c 0800 

  0x000001a8afe37934: ;   {post_call_nop}
  0x000001a8afe37934: 0f1f 8400 | 2c02 0004 | 4c8b 8424 | b000 0000 | 4c8b c848 | 8bbc 24a8 | 0000 0048 | 8b94 24a0 
  0x000001a8afe37954: 0000 0066 | 0f1f 4400 | 0048 b870 | 1172 bca8 

  0x000001a8afe37964: ;   {virtual_call}
  0x000001a8afe37964: 0100 00e8 

  0x000001a8afe37968: ; ImmutableOopMap {[144]=Oop [152]=Oop [160]=Oop [168]=Oop }
                      ;*invokevirtual defineOrCheckPackage {reexecute=0 rethrow=0 return_oop=0}
                      ; - jdk.internal.loader.BuiltinClassLoader::defineClass@40 (line 763)
  0x000001a8afe37968: 2608 0000 

  0x000001a8afe3796c: ;   {post_call_nop}
  0x000001a8afe3796c: 0f1f 8400 | 6402 0005 | 4c8b 8c24 | 9800 0000 | 488d 9424 | e000 0000 | 4c89 4a08 | 498b 0141 
  0x000001a8afe3798c: 8bb7 d806 | 0000 81fe | 2807 0000 | 0f8d 8c04 | 0000 4d3b | 4c37 f80f | 8425 0000 | 00a8 020f 
  0x000001a8afe379ac: 8579 0400 | 0048 8bf0 | 4883 e6fe | 4883 c801 | f049 0fb1 | 310f 8563 | 0400 0041 | 8bb7 d806 
  0x000001a8afe379cc: 0000 4d89 | 0c37 83c6 | 0841 89b7 | d806 0000 | 418b 510c | 4885 d20f | 854b 0000 | 0049 8bd1 
  0x000001a8afe379ec: 9048 b898 | 1172 bca8 

  0x000001a8afe379f4: ;   {virtual_call}
  0x000001a8afe379f4: 0100 00e8 

  0x000001a8afe379f8: ; ImmutableOopMap {[144]=Oop [152]=Oop [160]=Oop [168]=Oop [232]=Oop }
                      ;*invokevirtual getInputStream {reexecute=0 rethrow=0 return_oop=0}
                      ; - jdk.internal.loader.Resource::cachedInputStream@9 (line 76)
                      ; - jdk.internal.loader.Resource::getByteBuffer@1 (line 133)
                      ; - jdk.internal.loader.BuiltinClassLoader::defineClass@45 (line 767)
  0x000001a8afe379f8: 4464 ebff 

  0x000001a8afe379fc: ;   {post_call_nop}
  0x000001a8afe379fc: 0f1f 8400 | f402 0006 | 410f be57 | 4885 d24c | 8b8c 2498 | 0000 000f | 8524 0400 | 004c 8bd0 
  0x000001a8afe37a1c: 4589 510c | 498b d148 | 33d0 48c1 | ea14 4883 | fa00 0f85 | 2504 0000 | 418b 510c | 488d 8424 
  0x000001a8afe37a3c: e000 0000 | 488b 7808 | 418b b7d8 | 0600 0049 | 3b7c 37f8 | 0f85 1b04 | 0000 4183 | afd8 0600 
  0x000001a8afe37a5c: 0008 493b | 7c37 f00f | 842a 0000 | 0048 8b07 | a802 0f85 | 1200 0000 | 488b f048 | 83ce 01f0 
  0x000001a8afe37a7c: 480f b137 | 0f84 0d00 | 0000 4183 | 87d8 0600 | 0008 e9de | 0300 0048 | 85d2 0f84 | 3f00 0000 
  0x000001a8afe37a9c: ;   {metadata('sun/nio/ByteBuffered')}
  0x000001a8afe37a9c: 48b8 e85b | 4220 0000 | 0000 8b5a | 0841 ba00 | 0000 2049 | 03da 483b | 4320 0f84 | 2400 0000 
  0x000001a8afe37abc: 483b d80f | 841b 0000 

  0x000001a8afe37ac4: ;   {runtime_call C1 Runtime slow_subtype_check_blob}
  0x000001a8afe37ac4: 0053 50e8 | 1461 eaff | 5b5b 85db | 0f84 0500 | 0000 e905 | 0000 0048 | 33f6 eb05 | be01 0000 
  0x000001a8afe37ae4: 0085 f60f | 8464 0000 | 0048 85d2 | 0f84 3f00 

  0x000001a8afe37af4: ;   {metadata('sun/nio/ByteBuffered')}
  0x000001a8afe37af4: 0000 48bb | e85b 4220 | 0000 0000 | 8b7a 0841 | ba00 0000 | 2049 03fa | 483b 5f20 | 0f84 1f00 
  0x000001a8afe37b14: 0000 483b | fb0f 8416 | 0000 0057 

  0x000001a8afe37b20: ;   {runtime_call C1 Runtime slow_subtype_check_blob}
  0x000001a8afe37b20: 53e8 ba60 | eaff 5f5f | 85ff 0f84 | 5703 0000 | e900 0000 | 0048 b8c0 | 1172 bca8 

  0x000001a8afe37b3c: ;   {virtual_call}
  0x000001a8afe37b3c: 0100 00e8 

  0x000001a8afe37b40: ; ImmutableOopMap {[144]=Oop [152]=Oop [160]=Oop [168]=Oop }
                      ;*invokeinterface getByteBuffer {reexecute=0 rethrow=0 return_oop=0}
                      ; - jdk.internal.loader.Resource::getByteBuffer@16 (line 135)
                      ; - jdk.internal.loader.BuiltinClassLoader::defineClass@45 (line 767)
  0x000001a8afe37b40: 9c7b deff 

  0x000001a8afe37b44: ;   {post_call_nop}
  0x000001a8afe37b44: 0f1f 8400 | 3c04 0007 | e90a 0000 

  0x000001a8afe37b50: ;   {oop(nullptr)}
  0x000001a8afe37b50: 0048 b800 | 0000 0000 | 0000 0048 | 85c0 0f84 | fb00 0000 | 4889 8424 | b800 0000 | 488b 9424 
  0x000001a8afe37b70: 9800 0000 | 9048 b8e8 | 1172 bca8 

  0x000001a8afe37b7c: ;   {virtual_call}
  0x000001a8afe37b7c: 0100 00e8 

  0x000001a8afe37b80: ; ImmutableOopMap {[144]=Oop [160]=Oop [168]=Oop [184]=Oop }
                      ;*invokevirtual getCodeSigners {reexecute=0 rethrow=0 return_oop=0}
                      ; - jdk.internal.loader.BuiltinClassLoader::defineClass@56 (line 769)
  0x000001a8afe37b80: 5c7b deff 

  0x000001a8afe37b84: ;   {post_call_nop}
  0x000001a8afe37b84: 0f1f 8400 | 7c04 0008 

  0x000001a8afe37b8c: ;   {metadata('java/security/CodeSource')}
  0x000001a8afe37b8c: 4c8b c848 | bab8 951c | 2000 0000 | 0049 8b87 | c801 0000 | 488d 7828 | 493b bfd8 | 0100 000f 
  0x000001a8afe37bac: 87df 0200 | 0049 89bf | c801 0000 | 48c7 0001 | 0000 0048 | 8bca 41ba | 0000 0020 | 492b ca89 
  0x000001a8afe37bcc: 4808 4833 | c989 480c | 4833 c948 | 8948 1048 | 8948 1848 | 8948 204c | 8b84 24a8 | 0000 0048 
  0x000001a8afe37bec: 8bd0 4889 | 8424 c000 

  0x000001a8afe37bf4: ;   {optimized virtual_call}
  0x000001a8afe37bf4: 0000 90e8 

  0x000001a8afe37bf8: ; ImmutableOopMap {[144]=Oop [160]=Oop [184]=Oop [192]=Oop }
                      ;*invokespecial <init> {reexecute=0 rethrow=0 return_oop=0}
                      ; - jdk.internal.loader.BuiltinClassLoader::defineClass@68 (line 770)
  0x000001a8afe37bf8: e475 deff 

  0x000001a8afe37bfc: ;   {post_call_nop}
  0x000001a8afe37bfc: 0f1f 8400 | f404 0009 | 4c8b 8424 | c000 0000 | 488b 9424 | a000 0000 

  0x000001a8afe37c14: ;   {optimized virtual_call}
  0x000001a8afe37c14: 6666 90e8 

  0x000001a8afe37c18: ; ImmutableOopMap {[144]=Oop [160]=Oop [184]=Oop }
                      ;*invokevirtual getProtectionDomain {reexecute=0 rethrow=0 return_oop=0}
                      ; - java.security.SecureClassLoader::defineClass@5 (line 176)
                      ; - jdk.internal.loader.BuiltinClassLoader::defineClass@79 (line 771)
  0x000001a8afe37c18: c475 deff 

  0x000001a8afe37c1c: ;   {post_call_nop}
  0x000001a8afe37c1c: 0f1f 8400 | 1405 000a | 4c8b 8424 | 9000 0000 | 4c8b 8c24 | b800 0000 | 488b f848 | 8b94 24a0 
  0x000001a8afe37c3c: ;   {optimized virtual_call}
  0x000001a8afe37c3c: 0000 00e8 

  0x000001a8afe37c40: ; ImmutableOopMap {}
                      ;*invokevirtual defineClass {reexecute=0 rethrow=0 return_oop=0}
                      ; - java.security.SecureClassLoader::defineClass@8 (line 176)
                      ; - jdk.internal.loader.BuiltinClassLoader::defineClass@79 (line 771)
  0x000001a8afe37c40: 9c75 deff 

  0x000001a8afe37c44: ;   {post_call_nop}
  0x000001a8afe37c44: 0f1f 8400 | 3c05 000b | 4881 c400 | 0100 005d 

  0x000001a8afe37c54: ;   {poll_return}
  0x000001a8afe37c54: 493b 6728 | 0f87 3f02 | 0000 c34c | 8b8c 2498 | 0000 0049 | 8bd1 6666 | 9048 b810 | 1272 bca8 
  0x000001a8afe37c74: ;   {virtual_call}
  0x000001a8afe37c74: 0100 00e8 

  0x000001a8afe37c78: ; ImmutableOopMap {[144]=Oop [152]=Oop [160]=Oop [168]=Oop }
                      ;*invokevirtual getBytes {reexecute=0 rethrow=0 return_oop=0}
                      ; - jdk.internal.loader.BuiltinClassLoader::defineClass@84 (line 773)
  0x000001a8afe37c78: 9460 ebff 

  0x000001a8afe37c7c: ;   {post_call_nop}
  0x000001a8afe37c7c: 0f1f 8400 | 7405 000c | 4889 8424 | c800 0000 | 488b 9424 | 9800 0000 | 9048 b838 | 1272 bca8 
  0x000001a8afe37c9c: ;   {virtual_call}
  0x000001a8afe37c9c: 0100 00e8 

  0x000001a8afe37ca0: ; ImmutableOopMap {[144]=Oop [160]=Oop [168]=Oop [200]=Oop }
                      ;*invokevirtual getCodeSigners {reexecute=0 rethrow=0 return_oop=0}
                      ; - jdk.internal.loader.BuiltinClassLoader::defineClass@90 (line 774)
  0x000001a8afe37ca0: 6c18 0800 

  0x000001a8afe37ca4: ;   {post_call_nop}
  0x000001a8afe37ca4: 0f1f 8400 | 9c05 000d 

  0x000001a8afe37cac: ;   {metadata('java/security/CodeSource')}
  0x000001a8afe37cac: 4c8b c848 | bab8 951c | 2000 0000 | 0049 8b87 | c801 0000 | 488d 7828 | 493b bfd8 | 0100 000f 
  0x000001a8afe37ccc: 87e2 0100 | 0049 89bf | c801 0000 | 48c7 0001 | 0000 0048 | 8bca 41ba | 0000 0020 | 492b ca89 
  0x000001a8afe37cec: 4808 4833 | c989 480c | 4833 c948 | 8948 1048 | 8948 1848 | 8948 204c | 8b84 24a8 | 0000 0048 
  0x000001a8afe37d0c: 8bd0 4889 | 8424 d000 

  0x000001a8afe37d14: ;   {optimized virtual_call}
  0x000001a8afe37d14: 0000 90e8 

  0x000001a8afe37d18: ; ImmutableOopMap {[144]=Oop [160]=Oop [200]=Oop [208]=Oop }
                      ;*invokespecial <init> {reexecute=0 rethrow=0 return_oop=0}
                      ; - jdk.internal.loader.BuiltinClassLoader::defineClass@102 (line 775)
  0x000001a8afe37d18: 04e1 ffff 

  0x000001a8afe37d1c: ;   {post_call_nop}
  0x000001a8afe37d1c: 0f1f 8400 | 1406 000e | 488b 8424 | c800 0000 

  0x000001a8afe37d2c: ; implicit exception: dispatches to 0x000001a8afe37ec0
  0x000001a8afe37d2c: 8b70 0c4c | 8b84 24d0 | 0000 0048 | 8b94 24a0 | 0000 0089 | b424 d800 

  0x000001a8afe37d44: ;   {optimized virtual_call}
  0x000001a8afe37d44: 0000 90e8 

  0x000001a8afe37d48: ; ImmutableOopMap {[144]=Oop [160]=Oop [200]=Oop }
                      ;*invokevirtual getProtectionDomain {reexecute=0 rethrow=0 return_oop=0}
                      ; - java.security.SecureClassLoader::defineClass@9 (line 144)
                      ; - jdk.internal.loader.BuiltinClassLoader::defineClass@117 (line 776)
  0x000001a8afe37d48: 54e5 ffff 

  0x000001a8afe37d4c: ;   {post_call_nop}
  0x000001a8afe37d4c: 0f1f 8400 | 4406 000f | 4c8b 8424 | 9000 0000 | 4c8b 8c24 | c800 0000 | bf00 0000 | 008b b424 
  0x000001a8afe37d6c: d800 0000 | 488b c848 | 8b94 24a0 | 0000 000f 

  0x000001a8afe37d7c: ;   {optimized virtual_call}
  0x000001a8afe37d7c: 1f40 00e8 

  0x000001a8afe37d80: ; ImmutableOopMap {}
                      ;*invokevirtual defineClass {reexecute=0 rethrow=0 return_oop=0}
                      ; - java.security.SecureClassLoader::defineClass@12 (line 144)
                      ; - jdk.internal.loader.BuiltinClassLoader::defineClass@117 (line 776)
  0x000001a8afe37d80: 9c90 0200 

  0x000001a8afe37d84: ;   {post_call_nop}
  0x000001a8afe37d84: 0f1f 8400 | 7c06 0010 | 4881 c400 | 0100 005d 

  0x000001a8afe37d94: ;   {poll_return}
  0x000001a8afe37d94: 493b 6728 | 0f87 2701 | 0000 c349 | 8b87 8805 | 0000 4d33 | d24d 8997 | 8805 0000 | 4d33 d24d 
  0x000001a8afe37db4: 8997 9005 | 0000 488b | f048 8d84 | 24e0 0000 | 0048 8b58 | 0841 8bbf | d806 0000 | 493b 5c3f 
  0x000001a8afe37dd4: f80f 8500 | 0100 0041 | 83af d806 | 0000 0849 | 3b5c 3ff0 | 0f84 2a00 | 0000 488b | 03a8 020f 
  0x000001a8afe37df4: 8512 0000 | 0048 8bf8 | 4883 cf01 | f048 0fb1 | 3b0f 840d | 0000 0041 | 8387 d806 | 0000 08e9 
  0x000001a8afe37e14: c300 0000 | 488b c6e9 | ee00 0000 

  0x000001a8afe37e20: ;   {runtime_call C1 Runtime throw_null_pointer_exception_blob}
  0x000001a8afe37e20: e8bb 2fea 

  0x000001a8afe37e24: ; ImmutableOopMap {rax=Oop r8=Oop [144]=Oop [152]=Oop [160]=Oop [168]=Oop }
                      ;*invokevirtual lastIndexOf {reexecute=0 rethrow=0 return_oop=0}
                      ; - jdk.internal.loader.BuiltinClassLoader::defineClass@8 (line 759)
                      ;   {runtime_call C1 Runtime throw_null_pointer_exception_blob}
  0x000001a8afe37e24: ffe8 b62f 

  0x000001a8afe37e28: ; ImmutableOopMap {rax=Oop r8=Oop rsi=Oop [144]=Oop [152]=Oop [160]=Oop [168]=Oop }
                      ;*arraylength {reexecute=0 rethrow=0 return_oop=0}
                      ; - java.lang.String::length@4 (line 1583)
                      ; - java.lang.String::lastIndexOf@3 (line 2600)
                      ; - jdk.internal.loader.BuiltinClassLoader::defineClass@8 (line 759)
  0x000001a8afe37e28: eaff 4c89 | 4c24 0848 

  0x000001a8afe37e30: ;   {runtime_call C1 Runtime monitorenter_nofpu_blob}
  0x000001a8afe37e30: 8914 24e8 

  0x000001a8afe37e34: ; ImmutableOopMap {r9=Oop [144]=Oop [152]=Oop [160]=Oop [168]=Oop [232]=Oop }
                      ;*synchronization entry
                      ; - jdk.internal.loader.Resource::cachedInputStream@-1 (line 75)
                      ; - jdk.internal.loader.Resource::getByteBuffer@1 (line 133)
                      ; - jdk.internal.loader.BuiltinClassLoader::defineClass@45 (line 767)
  0x000001a8afe37e34: 2867 eaff | e99f fbff | ff41 8b51 | 0c48 83fa | 000f 84ce | fbff ff48 

  0x000001a8afe37e4c: ;   {runtime_call g1_pre_barrier_slow}
  0x000001a8afe37e4c: 8914 24e8 | 0c98 eaff | e9c0 fbff | ff48 83f8 | 000f 84d1 | fbff ff4c 

  0x000001a8afe37e64: ;   {runtime_call g1_post_barrier_slow}
  0x000001a8afe37e64: 890c 24e8 | f49a eaff | e9c3 fbff | ff48 8d84 | 24e0 0000 | 0048 8904 

  0x000001a8afe37e7c: ;   {runtime_call C1 Runtime monitorexit_nofpu_blob}
  0x000001a8afe37e7c: 24e8 5e6d | eaff e90c | fcff ff48 

  0x000001a8afe37e88: ;   {runtime_call C1 Runtime throw_class_cast_exception_blob}
  0x000001a8afe37e88: 8914 24e8 

  0x000001a8afe37e8c: ; ImmutableOopMap {[144]=Oop [152]=Oop [160]=Oop [168]=Oop }
                      ;*checkcast {reexecute=0 rethrow=0 return_oop=0}
                      ; - jdk.internal.loader.Resource::getByteBuffer@13 (line 135)
                      ; - jdk.internal.loader.BuiltinClassLoader::defineClass@45 (line 767)
  0x000001a8afe37e8c: 5057 eaff 

  0x000001a8afe37e90: ;   {runtime_call C1 Runtime fast_new_instance_blob}
  0x000001a8afe37e90: 488b d2e8 

  0x000001a8afe37e94: ; ImmutableOopMap {r9=Oop [144]=Oop [160]=Oop [168]=Oop [184]=Oop }
                      ;*new {reexecute=0 rethrow=0 return_oop=0}
                      ; - jdk.internal.loader.BuiltinClassLoader::defineClass@61 (line 770)
  0x000001a8afe37e94: 4839 eaff | e946 fdff 

  0x000001a8afe37e9c: ;   {internal_word}
  0x000001a8afe37e9c: ff49 ba54 | 7ce3 afa8 | 0100 004d | 8997 e004 

  0x000001a8afe37eac: ;   {runtime_call SafepointBlob}
  0x000001a8afe37eac: 0000 e9ad | a3de ff48 

  0x000001a8afe37eb4: ;   {runtime_call C1 Runtime fast_new_instance_blob}
  0x000001a8afe37eb4: 8bd2 e825 

  0x000001a8afe37eb8: ; ImmutableOopMap {r9=Oop [144]=Oop [160]=Oop [168]=Oop [200]=Oop }
                      ;*new {reexecute=0 rethrow=0 return_oop=0}
                      ; - jdk.internal.loader.BuiltinClassLoader::defineClass@95 (line 775)
  0x000001a8afe37eb8: 39ea ffe9 | 43fe ffff 

  0x000001a8afe37ec0: ;   {runtime_call C1 Runtime throw_null_pointer_exception_blob}
  0x000001a8afe37ec0: e81b 2fea 

  0x000001a8afe37ec4: ; ImmutableOopMap {rax=Oop [144]=Oop [160]=Oop [200]=Oop [208]=Oop }
                      ;*arraylength {reexecute=0 rethrow=0 return_oop=0}
                      ; - jdk.internal.loader.BuiltinClassLoader::defineClass@114 (line 776)
                      ;   {internal_word}
  0x000001a8afe37ec4: ff49 ba94 | 7de3 afa8 | 0100 004d | 8997 e004 

  0x000001a8afe37ed4: ;   {runtime_call SafepointBlob}
  0x000001a8afe37ed4: 0000 e985 | a3de ff48 | 8d84 24e0 | 0000 0048 

  0x000001a8afe37ee4: ;   {runtime_call C1 Runtime monitorexit_nofpu_blob}
  0x000001a8afe37ee4: 8904 24e8 | f46c eaff | e927 ffff | ff49 8b87 | 8805 0000 | 49c7 8788 | 0500 0000 | 0000 0049 
  0x000001a8afe37f04: c787 9005 | 0000 0000 | 0000 4881 | c400 0100 

  0x000001a8afe37f14: ;   {runtime_call C1 Runtime unwind_exception_blob}
  0x000001a8afe37f14: 005d e9c5 | 1fea fff4 | f4f4 f4f4 
[Stub Code]
  0x000001a8afe37f20: ;   {other}
  0x000001a8afe37f20: 0f1f 4400 

  0x000001a8afe37f24: ;   {static_stub}
  0x000001a8afe37f24: 0048 bb00 | 0000 0000 

  0x000001a8afe37f2c: ;   {runtime_call nmethod}
  0x000001a8afe37f2c: 0000 00e9 | fbff ffff 

  0x000001a8afe37f34: ;   {static_stub}
  0x000001a8afe37f34: 9048 bb00 | 0000 0000 

  0x000001a8afe37f3c: ;   {runtime_call nmethod}
  0x000001a8afe37f3c: 0000 00e9 | fbff ffff 

  0x000001a8afe37f44: ;   {static_stub}
  0x000001a8afe37f44: 9048 bb00 | 0000 0000 

  0x000001a8afe37f4c: ;   {runtime_call nmethod}
  0x000001a8afe37f4c: 0000 00e9 | fbff ffff 

  0x000001a8afe37f54: ;   {static_stub}
  0x000001a8afe37f54: 9048 bb00 | 0000 0000 

  0x000001a8afe37f5c: ;   {runtime_call nmethod}
  0x000001a8afe37f5c: 0000 00e9 | fbff ffff 

  0x000001a8afe37f64: ;   {static_stub}
  0x000001a8afe37f64: 9048 bb00 | 0000 0000 

  0x000001a8afe37f6c: ;   {runtime_call nmethod}
  0x000001a8afe37f6c: 0000 00e9 | fbff ffff 

  0x000001a8afe37f74: ;   {static_stub}
  0x000001a8afe37f74: 9048 bb00 | 0000 0000 

  0x000001a8afe37f7c: ;   {runtime_call nmethod}
  0x000001a8afe37f7c: 0000 00e9 | fbff ffff 

  0x000001a8afe37f84: ;   {static_stub}
  0x000001a8afe37f84: 9048 bb00 | 0000 0000 

  0x000001a8afe37f8c: ;   {runtime_call nmethod}
  0x000001a8afe37f8c: 0000 00e9 | fbff ffff 

  0x000001a8afe37f94: ;   {static_stub}
  0x000001a8afe37f94: 9048 bb00 | 0000 0000 

  0x000001a8afe37f9c: ;   {runtime_call nmethod}
  0x000001a8afe37f9c: 0000 00e9 | fbff ffff 

  0x000001a8afe37fa4: ;   {static_stub}
  0x000001a8afe37fa4: 48bb 0000 | 0000 0000 

  0x000001a8afe37fac: ;   {runtime_call nmethod}
  0x000001a8afe37fac: 0000 e9fb 

  0x000001a8afe37fb0: ;   {static_stub}
  0x000001a8afe37fb0: ffff ff48 | bb00 0000 | 0000 0000 

  0x000001a8afe37fbc: ;   {runtime_call nmethod}
  0x000001a8afe37fbc: 00e9 fbff 

  0x000001a8afe37fc0: ;   {static_stub}
  0x000001a8afe37fc0: ffff 48bb | 0000 0000 | 0000 0000 

  0x000001a8afe37fcc: ;   {runtime_call nmethod}
  0x000001a8afe37fcc: e9fb ffff 

  0x000001a8afe37fd0: ;   {static_stub}
  0x000001a8afe37fd0: ff48 bb00 | 0000 0000 

  0x000001a8afe37fd8: ;   {runtime_call nmethod}
  0x000001a8afe37fd8: 0000 00e9 | fbff ffff 

  0x000001a8afe37fe0: ;   {static_stub}
  0x000001a8afe37fe0: 48bb 0000 | 0000 0000 

  0x000001a8afe37fe8: ;   {runtime_call nmethod}
  0x000001a8afe37fe8: 0000 e9fb 

  0x000001a8afe37fec: ;   {static_stub}
  0x000001a8afe37fec: ffff ff48 | bb00 0000 | 0000 0000 

  0x000001a8afe37ff8: ;   {runtime_call nmethod}
  0x000001a8afe37ff8: 00e9 fbff 

  0x000001a8afe37ffc: ;   {static_stub}
  0x000001a8afe37ffc: ffff 48bb | 7037 4a20 | 0000 0000 

  0x000001a8afe38008: ;   {runtime_call I2C/C2I adapters}
  0x000001a8afe38008: e937 b2dd 

  0x000001a8afe3800c: ;   {runtime_call C1 Runtime handle_exception_from_callee_blob}
  0x000001a8afe3800c: ffe8 ce4f 

  0x000001a8afe38010: ;   {external_word}
  0x000001a8afe38010: eaff 48b9 | d090 1592 | fe7f 0000 | 4883 e4f0 

  0x000001a8afe38020: ;   {runtime_call}
  0x000001a8afe38020: 48b8 8038 | d091 fe7f | 0000 ffd0 

  0x000001a8afe3802c: ;   {section_word}
  0x000001a8afe3802c: f449 ba2d | 80e3 afa8 | 0100 0041 

  0x000001a8afe38038: ;   {runtime_call DeoptimizationBlob}
  0x000001a8afe38038: 52e9 a289 | deff f4f4 
[/MachCode]


---------------  P R O C E S S  ---------------

Threads class SMR info:
_java_thread_list=0x000001a8bd00a9a0, length=13, elements={
0x000001a8a70eee10, 0x000001a8b7758790, 0x000001a8b775cbf0, 0x000001a8b77627e0,
0x000001a8b7761070, 0x000001a8b7762fb0, 0x000001a8b775f900, 0x000001a8b7767a30,
0x000001a8b77600d0, 0x000001a8b7761840, 0x000001a8b7762010, 0x000001a8bd310b00,
0x000001a8bc69ef60
}

Java Threads: ( => current thread )
=>0x000001a8a70eee10 JavaThread "main"                              [_thread_in_vm, id=1764, stack(0x000000642e700000,0x000000642e800000) (1024K)]
  0x000001a8b7758790 JavaThread "Reference Handler"          daemon [_thread_blocked, id=23540, stack(0x000000642ef00000,0x000000642f000000) (1024K)]
  0x000001a8b775cbf0 JavaThread "Finalizer"                  daemon [_thread_blocked, id=24268, stack(0x000000642f000000,0x000000642f100000) (1024K)]
  0x000001a8b77627e0 JavaThread "Signal Dispatcher"          daemon [_thread_blocked, id=23752, stack(0x000000642f100000,0x000000642f200000) (1024K)]
  0x000001a8b7761070 JavaThread "Attach Listener"            daemon [_thread_blocked, id=3500, stack(0x000000642f200000,0x000000642f300000) (1024K)]
  0x000001a8b7762fb0 JavaThread "Service Thread"             daemon [_thread_blocked, id=3000, stack(0x000000642f300000,0x000000642f400000) (1024K)]
  0x000001a8b775f900 JavaThread "Monitor Deflation Thread"   daemon [_thread_blocked, id=6852, stack(0x000000642f400000,0x000000642f500000) (1024K)]
  0x000001a8b7767a30 JavaThread "C1 CompilerThread0"         daemon [_thread_blocked, id=10312, stack(0x000000642f500000,0x000000642f600000) (1024K)]
  0x000001a8b77600d0 JavaThread "Common-Cleaner"             daemon [_thread_blocked, id=22840, stack(0x000000642f600000,0x000000642f700000) (1024K)]
  0x000001a8b7761840 JavaThread "Monitor Ctrl-Break"         daemon [_thread_in_native, id=12672, stack(0x000000642f700000,0x000000642f800000) (1024K)]
  0x000001a8b7762010 JavaThread "Notification Thread"        daemon [_thread_blocked, id=16144, stack(0x000000642f800000,0x000000642f900000) (1024K)]
  0x000001a8bd310b00 JavaThread "C1 CompilerThread1"         daemon [_thread_blocked, id=7156, stack(0x000000642fc00000,0x000000642fd00000) (1024K)]
  0x000001a8bc69ef60 JavaThread "mysql-cj-abandoned-connection-cleanup" daemon [_thread_blocked, id=8172, stack(0x000000642fd00000,0x000000642fe00000) (1024K)]
Total: 13

Other Threads:
  0x000001a8b7744fb0 VMThread "VM Thread"                           [id=4836, stack(0x000000642ee00000,0x000000642ef00000) (1024K)]
  0x000001a8b7736bb0 WatcherThread "VM Periodic Task Thread"        [id=19064, stack(0x000000642ed00000,0x000000642ee00000) (1024K)]
  0x000001a8a71469f0 WorkerThread "GC Thread#0"                     [id=11112, stack(0x000000642e800000,0x000000642e900000) (1024K)]
  0x000001a8bc8c70d0 WorkerThread "GC Thread#1"                     [id=4040, stack(0x000000642f900000,0x000000642fa00000) (1024K)]
  0x000001a8bc8c7500 WorkerThread "GC Thread#2"                     [id=24140, stack(0x000000642fa00000,0x000000642fb00000) (1024K)]
  0x000001a8bc924b70 WorkerThread "GC Thread#3"                     [id=14836, stack(0x000000642fb00000,0x000000642fc00000) (1024K)]
  0x000001a8a715f8b0 ConcurrentGCThread "G1 Main Marker"            [id=16436, stack(0x000000642e900000,0x000000642ea00000) (1024K)]
  0x000001a8a7160450 WorkerThread "G1 Conc#0"                       [id=10372, stack(0x000000642ea00000,0x000000642eb00000) (1024K)]
  0x000001a8a7191530 ConcurrentGCThread "G1 Refine#0"               [id=21812, stack(0x000000642eb00000,0x000000642ec00000) (1024K)]
  0x000001a8a7192140 ConcurrentGCThread "G1 Service"                [id=21388, stack(0x000000642ec00000,0x000000642ed00000) (1024K)]
Total: 10

Threads with active compile tasks:
Total: 0

VM state: not at safepoint (normal execution)

VM Mutex/Monitor currently owned by a thread:  ([mutex/lock_event])
[0x00007ffe9244d5d8] Metaspace_lock - owner thread: 0x000001a8a70eee10

Heap address: 0x0000000083600000, size: 1994 MB, Compressed Oops mode: 32-bit

CDS archive(s) mapped at: [0x0000000020000000-0x0000000020dd0000-0x0000000020dd0000), size 14483456, SharedBaseAddress: 0x0000000020000000, ArchiveRelocationMode: 1.
Compressed class space mapped at: 0x0000000021000000-0x0000000061000000, reserved size: 1073741824
UseCompressedClassPointers 1, UseCompactObjectHeaders 0
Narrow klass pointer bits 32, Max shift 3
Narrow klass base: 0x0000000020000000, Narrow klass shift: 0
Encoding Range: [0x0000000020000000 - 0x0000000120000000), (4294967296 bytes)
Klass Range:    [0x0000000020010000 - 0x0000000061000000), (1090453504 bytes)
Klass ID Range:  [65536 - 1090519033) (1090453497)
Protection zone: [0x0000000020000000 - 0x0000000020010000), (65536 bytes)

GC Precious Log:
 CardTable entry size: 512
 Card Set container configuration: InlinePtr #cards 5 size 8 Array Of Cards #cards 10 size 36 Howl #buckets 4 coarsen threshold 1843 Howl Bitmap #cards 512 size 80 coarsen threshold 460 Card regions per heap region 1 cards per card region 2048
 CPUs: 4 total, 4 available
 Memory: 7975M
 Large Page Support: Disabled
 NUMA Support: Disabled
 Compressed Oops: Enabled (32-bit)
 Heap Region Size: 1M
 Heap Min Capacity: 8M
 Heap Initial Capacity: 126M
 Heap Max Capacity: 1994M
 Pre-touch: Disabled
 Parallel Workers: 4
 Concurrent Workers: 1
 Concurrent Refinement Workers: 4
 Periodic GC: Disabled
 G1 Time-Based Heap Sizing enabled (uncommit-only)
 Evaluation Interval: 60s, Uncommit Delay: 300s, Min Regions To Uncommit: 10

Heap:
 garbage-first heap   total reserved 2041856K, committed 58368K, used 41680K [0x0000000083600000, 0x0000000100000000)
  region size 1024K, 20 young (20480K), 4 survivors (4096K)

Heap Regions: E=young(eden), S=young(survivor), O=old, HS=humongous(starts), HC=humongous(continues), CS=collection set, F=free, TAMS=top-at-mark-start, PB=parsable bottom
|   0|0x0000000083600000, 0x0000000083700000, 0x0000000083700000|100%|HS|  |TAMS 0x0000000083600000| PB 0x0000000083600000| Complete |  0
|   1|0x0000000083700000, 0x0000000083800000, 0x0000000083800000|100%| O|  |TAMS 0x0000000083700000| PB 0x0000000083700000| Untracked |  0
|   2|0x0000000083800000, 0x0000000083900000, 0x0000000083900000|100%| O|  |TAMS 0x0000000083800000| PB 0x0000000083800000| Untracked |  0
|   3|0x0000000083900000, 0x0000000083a00000, 0x0000000083a00000|100%| O|  |TAMS 0x0000000083900000| PB 0x0000000083900000| Untracked |  0
|   4|0x0000000083a00000, 0x0000000083b00000, 0x0000000083b00000|100%| O|  |TAMS 0x0000000083a00000| PB 0x0000000083a00000| Untracked |  0
|   5|0x0000000083b00000, 0x0000000083c00000, 0x0000000083c00000|100%| O|  |TAMS 0x0000000083b00000| PB 0x0000000083b00000| Untracked |  0
|   6|0x0000000083c00000, 0x0000000083d00000, 0x0000000083d00000|100%| O|  |TAMS 0x0000000083c00000| PB 0x0000000083c00000| Untracked |  0
|   7|0x0000000083d00000, 0x0000000083db2030, 0x0000000083e00000| 69%| O|  |TAMS 0x0000000083d00000| PB 0x0000000083d00000| Untracked |  0
|   8|0x0000000083e00000, 0x0000000083f00000, 0x0000000083f00000|100%| O|  |TAMS 0x0000000083e00000| PB 0x0000000083e00000| Untracked |  0
|   9|0x0000000083f00000, 0x0000000084000000, 0x0000000084000000|100%| O|  |TAMS 0x0000000083f00000| PB 0x0000000083f00000| Untracked |  0
|  10|0x0000000084000000, 0x0000000084100000, 0x0000000084100000|100%| O|  |TAMS 0x0000000084000000| PB 0x0000000084000000| Untracked |  0
|  11|0x0000000084100000, 0x0000000084200000, 0x0000000084200000|100%| O|  |TAMS 0x0000000084100000| PB 0x0000000084100000| Untracked |  0
|  12|0x0000000084200000, 0x0000000084300000, 0x0000000084300000|100%| O|  |TAMS 0x0000000084200000| PB 0x0000000084200000| Untracked |  0
|  13|0x0000000084300000, 0x0000000084400000, 0x0000000084400000|100%| O|  |TAMS 0x0000000084300000| PB 0x0000000084300000| Untracked |  0
|  14|0x0000000084400000, 0x0000000084500000, 0x0000000084500000|100%| O|Cm|TAMS 0x0000000084400000| PB 0x0000000084400000| Complete |  0
|  15|0x0000000084500000, 0x0000000084600000, 0x0000000084600000|100%| O|  |TAMS 0x0000000084500000| PB 0x0000000084500000| Untracked |  0
|  16|0x0000000084600000, 0x0000000084700000, 0x0000000084700000|100%| O|  |TAMS 0x0000000084600000| PB 0x0000000084600000| Untracked |  0
|  17|0x0000000084700000, 0x0000000084800000, 0x0000000084800000|100%| O|  |TAMS 0x0000000084700000| PB 0x0000000084700000| Untracked |  0
|  18|0x0000000084800000, 0x0000000084900000, 0x0000000084900000|100%| O|  |TAMS 0x0000000084800000| PB 0x0000000084800000| Untracked |  0
|  19|0x0000000084900000, 0x0000000084a00000, 0x0000000084a00000|100%| O|  |TAMS 0x0000000084900000| PB 0x0000000084900000| Untracked |  0
|  20|0x0000000084a00000, 0x0000000084b00000, 0x0000000084b00000|100%| O|  |TAMS 0x0000000084a00000| PB 0x0000000084a00000| Untracked |  0
|  21|0x0000000084b00000, 0x0000000084c00000, 0x0000000084c00000|100%| O|  |TAMS 0x0000000084b00000| PB 0x0000000084b00000| Untracked |  0
|  22|0x0000000084c00000, 0x0000000084c50d20, 0x0000000084d00000| 31%| O|  |TAMS 0x0000000084c00000| PB 0x0000000084c00000| Untracked |  0
|  23|0x0000000084d00000, 0x0000000084d00000, 0x0000000084e00000|  0%| F|  |TAMS 0x0000000084d00000| PB 0x0000000084d00000| Untracked |  0
|  24|0x0000000084e00000, 0x0000000084e00000, 0x0000000084f00000|  0%| F|  |TAMS 0x0000000084e00000| PB 0x0000000084e00000| Untracked |  0
|  25|0x0000000084f00000, 0x0000000084f00000, 0x0000000085000000|  0%| F|  |TAMS 0x0000000084f00000| PB 0x0000000084f00000| Untracked |  0
|  26|0x0000000085000000, 0x00000000850b1558, 0x0000000085100000| 69%| S|CS|TAMS 0x0000000085000000| PB 0x0000000085000000| Complete |  0
|  27|0x0000000085100000, 0x0000000085200000, 0x0000000085200000|100%| S|CS|TAMS 0x0000000085100000| PB 0x0000000085100000| Complete |  0
|  28|0x0000000085200000, 0x0000000085300000, 0x0000000085300000|100%| S|CS|TAMS 0x0000000085200000| PB 0x0000000085200000| Complete |  0
|  29|0x0000000085300000, 0x0000000085400000, 0x0000000085400000|100%| S|CS|TAMS 0x0000000085300000| PB 0x0000000085300000| Complete |  0
|  30|0x0000000085400000, 0x0000000085400000, 0x0000000085500000|  0%| F|  |TAMS 0x0000000085400000| PB 0x0000000085400000| Untracked |  0
|  31|0x0000000085500000, 0x0000000085500000, 0x0000000085600000|  0%| F|  |TAMS 0x0000000085500000| PB 0x0000000085500000| Untracked |  0
|  32|0x0000000085600000, 0x0000000085600000, 0x0000000085700000|  0%| F|  |TAMS 0x0000000085600000| PB 0x0000000085600000| Untracked |  0
|  33|0x0000000085700000, 0x0000000085700000, 0x0000000085800000|  0%| F|  |TAMS 0x0000000085700000| PB 0x0000000085700000| Untracked |  0
|  34|0x0000000085800000, 0x0000000085800000, 0x0000000085900000|  0%| F|  |TAMS 0x0000000085800000| PB 0x0000000085800000| Untracked |  0
|  35|0x0000000085900000, 0x0000000085900000, 0x0000000085a00000|  0%| F|  |TAMS 0x0000000085900000| PB 0x0000000085900000| Untracked |  0
|  36|0x0000000085a00000, 0x0000000085a00000, 0x0000000085b00000|  0%| F|  |TAMS 0x0000000085a00000| PB 0x0000000085a00000| Untracked |  0
|  37|0x0000000085b00000, 0x0000000085b00000, 0x0000000085c00000|  0%| F|  |TAMS 0x0000000085b00000| PB 0x0000000085b00000| Untracked |  0
|  38|0x0000000085c00000, 0x0000000085c00000, 0x0000000085d00000|  0%| F|  |TAMS 0x0000000085c00000| PB 0x0000000085c00000| Untracked |  0
|  39|0x0000000085d00000, 0x0000000085d00000, 0x0000000085e00000|  0%| F|  |TAMS 0x0000000085d00000| PB 0x0000000085d00000| Untracked |  0
|  40|0x0000000085e00000, 0x0000000085edb290, 0x0000000085f00000| 85%| E|  |TAMS 0x0000000085e00000| PB 0x0000000085e00000| Complete |  0
|  41|0x0000000085f00000, 0x0000000086000000, 0x0000000086000000|100%| E|CS|TAMS 0x0000000085f00000| PB 0x0000000085f00000| Complete |  0
|  42|0x0000000086000000, 0x0000000086100000, 0x0000000086100000|100%| E|CS|TAMS 0x0000000086000000| PB 0x0000000086000000| Complete |  0
|  43|0x0000000086100000, 0x0000000086200000, 0x0000000086200000|100%| E|CS|TAMS 0x0000000086100000| PB 0x0000000086100000| Complete |  0
|  44|0x0000000086200000, 0x0000000086300000, 0x0000000086300000|100%| E|CS|TAMS 0x0000000086200000| PB 0x0000000086200000| Complete |  0
|  45|0x0000000086300000, 0x0000000086400000, 0x0000000086400000|100%| E|CS|TAMS 0x0000000086300000| PB 0x0000000086300000| Complete |  0
|  46|0x0000000086400000, 0x0000000086500000, 0x0000000086500000|100%| E|CS|TAMS 0x0000000086400000| PB 0x0000000086400000| Complete |  0
|  84|0x0000000088a00000, 0x0000000088b00000, 0x0000000088b00000|100%| E|CS|TAMS 0x0000000088a00000| PB 0x0000000088a00000| Complete |  0
|  85|0x0000000088b00000, 0x0000000088c00000, 0x0000000088c00000|100%| E|CS|TAMS 0x0000000088b00000| PB 0x0000000088b00000| Complete |  0
|  86|0x0000000088c00000, 0x0000000088d00000, 0x0000000088d00000|100%| E|  |TAMS 0x0000000088c00000| PB 0x0000000088c00000| Complete |  0
|  87|0x0000000088d00000, 0x0000000088e00000, 0x0000000088e00000|100%| E|CS|TAMS 0x0000000088d00000| PB 0x0000000088d00000| Complete |  0
|  88|0x0000000088e00000, 0x0000000088f00000, 0x0000000088f00000|100%| E|CS|TAMS 0x0000000088e00000| PB 0x0000000088e00000| Complete |  0
|  89|0x0000000088f00000, 0x0000000089000000, 0x0000000089000000|100%| E|CS|TAMS 0x0000000088f00000| PB 0x0000000088f00000| Complete |  0
|  90|0x0000000089000000, 0x0000000089100000, 0x0000000089100000|100%| E|CS|TAMS 0x0000000089000000| PB 0x0000000089000000| Complete |  0
| 125|0x000000008b300000, 0x000000008b400000, 0x000000008b400000|100%| E|CS|TAMS 0x000000008b300000| PB 0x000000008b300000| Complete |  0
|1992|0x00000000ffe00000, 0x00000000fff00000, 0x00000000fff00000|100%| O|  |TAMS 0x00000000ffe00000| PB 0x00000000ffe00000| Untracked |  0
|1993|0x00000000fff00000, 0x0000000100000000, 0x0000000100000000|100%| E|CS|TAMS 0x00000000fff00000| PB 0x00000000fff00000| Complete |  0

Card table byte_map: [0x000001a8b2fc0000,0x000001a8b33b0000] _byte_map_base: 0x000001a8b2ba5000

Marking Bits: (CMBitMap*) 0x000001a8a7147180
 Bits: [0x000001a8b33b0000, 0x000001a8b52d8000)

Polling page: 0x000001a8a5080000

Metaspace:
Metaspace        used 44275K, committed 44672K, reserved 1114112K
 class space     used 6626K, committed 6784K, reserved 1048576K

Usage:
  Non-class:     36.77 MB used.
      Class:      6.47 MB used.
       Both:     43.24 MB used.

Virtual space:
  Non-class space:       64.00 MB reserved,      37.00 MB ( 58%) committed,  1 nodes.
      Class space:        1.00 GB reserved,       6.62 MB ( <1%) committed,  1 nodes.
             Both:        1.06 GB reserved,      43.62 MB (  4%) committed. 

Chunk freelists:
   Non-Class:  10.42 MB
       Class:  9.19 MB
        Both:  19.61 MB

MaxMetaspaceSize: unlimited
CompressedClassSpaceSize: 1.00 GB
Initial GC threshold: 21.00 MB
Current GC threshold: 59.06 MB
CDS: on
 - commit_granule_bytes: 65536.
 - commit_granule_words: 8192.
 - virtual_space_node_default_size: 8388608.
 - enlarge_chunks_in_place: 1.
UseCompressedClassPointers 1, UseCompactObjectHeaders 0
Narrow klass pointer bits 32, Max shift 3
Narrow klass base: 0x0000000020000000, Narrow klass shift: 0
Encoding Range: [0x0000000020000000 - 0x0000000120000000), (4294967296 bytes)
Klass Range:    [0x0000000020010000 - 0x0000000061000000), (1090453504 bytes)
Klass ID Range:  [65536 - 1090519033) (1090453497)
Protection zone: [0x0000000020000000 - 0x0000000020010000), (65536 bytes)


Internal statistics:

num_allocs_failed_limit: 6.
num_arena_births: 500.
num_arena_deaths: 0.
num_vsnodes_births: 2.
num_vsnodes_deaths: 0.
num_space_committed: 698.
num_space_uncommitted: 0.
num_chunks_returned_to_freelist: 6.
num_chunks_taken_from_freelist: 2010.
num_chunk_merges: 6.
num_chunk_splits: 1503.
num_chunks_enlarged: 1270.
num_inconsistent_stats: 0.

CodeCache: size=49152Kb used=8121Kb max_used=8121Kb free=41030Kb
 bounds [0x000001a8afbd0000, 0x000001a8b03c0000, 0x000001a8b2bd0000]
 total_blobs=6108, nmethods=5501, adapters=530, full_count=0
Compilation: enabled, stopped_count=0, restarted_count=0

Compilation events (20 events):
Event: 19.396 Thread 0x000001a8bd310b00 5541       1       java.text.Format::<init> (5 bytes)
Event: 19.396 Thread 0x000001a8bd310b00 nmethod 5541 0x000001a8b03bac08 code [0x000001a8b03bad00, 0x000001a8b03badc0]
Event: 19.397 Thread 0x000001a8bd310b00 5542       1       com.mysql.cj.conf.AbstractPropertyDefinition::getPropertyKey (5 bytes)
Event: 19.397 Thread 0x000001a8bd310b00 nmethod 5542 0x000001a8b03baf08 code [0x000001a8b03bb000, 0x000001a8b03bb0c8]
Event: 19.402 Thread 0x000001a8b7767a30 5543       1       com.mysql.cj.conf.AbstractPropertyDefinition::getDefaultValue (5 bytes)
Event: 19.402 Thread 0x000001a8b7767a30 nmethod 5543 0x000001a8b03bb208 code [0x000001a8b03bb300, 0x000001a8b03bb3c8]
Event: 19.402 Thread 0x000001a8b7767a30 5544       1       com.mysql.cj.conf.AbstractRuntimeProperty::getPropertyDefinition (5 bytes)
Event: 19.402 Thread 0x000001a8b7767a30 nmethod 5544 0x000001a8b03bb508 code [0x000001a8b03bb600, 0x000001a8b03bb6c8]
Event: 19.403 Thread 0x000001a8bd310b00 5545       1       com.mysql.cj.conf.AbstractPropertyDefinition::getName (5 bytes)
Event: 19.403 Thread 0x000001a8bd310b00 nmethod 5545 0x000001a8b03bb808 code [0x000001a8b03bb900, 0x000001a8b03bb9c8]
Event: 19.403 Thread 0x000001a8b7767a30 5546       1       com.mysql.cj.conf.AbstractPropertyDefinition::getCcAlias (5 bytes)
Event: 19.403 Thread 0x000001a8b7767a30 nmethod 5546 0x000001a8b03bbb08 code [0x000001a8b03bbc00, 0x000001a8b03bbcc8]
Event: 19.404 Thread 0x000001a8bd310b00 5547       1       java.lang.invoke.MethodHandle::viewAsType (33 bytes)
Event: 19.404 Thread 0x000001a8bd310b00 nmethod 5547 0x000001a8b03bbe08 code [0x000001a8b03bbf00, 0x000001a8b03bbff8]
Event: 19.436 Thread 0x000001a8bd310b00 5548   !   1       com.mysql.cj.conf.DefaultPropertySet::getProperty (52 bytes)
Event: 19.436 Thread 0x000001a8bd310b00 nmethod 5548 0x000001a8b03bc608 code [0x000001a8b03bc700, 0x000001a8b03bc990]
Event: 19.466 Thread 0x000001a8b7767a30 5549       1       sun.invoke.util.Wrapper::forBasicType (103 bytes)
Event: 19.466 Thread 0x000001a8b7767a30 nmethod 5549 0x000001a8b03bcf08 code [0x000001a8b03bd000, 0x000001a8b03bd308]
Event: 19.489 Thread 0x000001a8bd310b00 5550       1       jdk.internal.loader.NativeLibraries$NativeLibraryImpl::find (9 bytes)
Event: 19.489 Thread 0x000001a8bd310b00 nmethod 5550 0x000001a8b03bd388 code [0x000001a8b03bd480, 0x000001a8b03bd568]

GC Heap Usage History (20 events):
Event: 2.192 {heap Before GC invocations=0 (full 0):
 garbage-first heap   total reserved 2041856K, committed 131072K, used 30866K [0x0000000083600000, 0x0000000100000000)
  region size 1024K, 28 young (28672K), 0 survivors (0K)
}
Event: 2.228 {heap After GC invocations=1 (full 0):
 garbage-first heap   total reserved 2041856K, committed 131072K, used 8850K [0x0000000083600000, 0x0000000100000000)
  region size 1024K, 4 young (4096K), 4 survivors (4096K)
}
Event: 6.359 {heap Before GC invocations=1 (full 0):
 garbage-first heap   total reserved 2041856K, committed 131072K, used 60050K [0x0000000083600000, 0x0000000100000000)
  region size 1024K, 54 young (55296K), 4 survivors (4096K)
}
Event: 6.368 {heap After GC invocations=2 (full 0):
 garbage-first heap   total reserved 2041856K, committed 131072K, used 12028K [0x0000000083600000, 0x0000000100000000)
  region size 1024K, 3 young (3072K), 3 survivors (3072K)
}
Event: 7.652 {heap Before GC invocations=2 (full 0):
 garbage-first heap   total reserved 2041856K, committed 131072K, used 45820K [0x0000000083600000, 0x0000000100000000)
  region size 1024K, 38 young (38912K), 3 survivors (3072K)
}
Event: 7.658 {heap After GC invocations=3 (full 0):
 garbage-first heap   total reserved 2041856K, committed 131072K, used 15856K [0x0000000083600000, 0x0000000100000000)
  region size 1024K, 7 young (7168K), 7 survivors (7168K)
}
Event: 8.456 {heap Before GC invocations=4 (full 0):
 garbage-first heap   total reserved 2041856K, committed 58368K, used 43504K [0x0000000083600000, 0x0000000100000000)
  region size 1024K, 34 young (34816K), 7 survivors (7168K)
}
Event: 8.467 {heap After GC invocations=5 (full 0):
 garbage-first heap   total reserved 2041856K, committed 58368K, used 18188K [0x0000000083600000, 0x0000000100000000)
  region size 1024K, 3 young (3072K), 3 survivors (3072K)
}
Event: 9.494 {heap Before GC invocations=5 (full 0):
 garbage-first heap   total reserved 2041856K, committed 58368K, used 41740K [0x0000000083600000, 0x0000000100000000)
  region size 1024K, 26 young (26624K), 3 survivors (3072K)
}
Event: 9.499 {heap After GC invocations=6 (full 0):
 garbage-first heap   total reserved 2041856K, committed 58368K, used 19695K [0x0000000083600000, 0x0000000100000000)
  region size 1024K, 4 young (4096K), 4 survivors (4096K)
}
Event: 12.015 {heap Before GC invocations=6 (full 0):
 garbage-first heap   total reserved 2041856K, committed 58368K, used 45295K [0x0000000083600000, 0x0000000100000000)
  region size 1024K, 29 young (29696K), 4 survivors (4096K)
}
Event: 12.022 {heap After GC invocations=7 (full 0):
 garbage-first heap   total reserved 2041856K, committed 58368K, used 21508K [0x0000000083600000, 0x0000000100000000)
  region size 1024K, 4 young (4096K), 4 survivors (4096K)
}
Event: 13.364 {heap Before GC invocations=7 (full 0):
 garbage-first heap   total reserved 2041856K, committed 58368K, used 47108K [0x0000000083600000, 0x0000000100000000)
  region size 1024K, 29 young (29696K), 4 survivors (4096K)
}
Event: 13.372 {heap After GC invocations=8 (full 0):
 garbage-first heap   total reserved 2041856K, committed 58368K, used 23750K [0x0000000083600000, 0x0000000100000000)
  region size 1024K, 4 young (4096K), 4 survivors (4096K)
}
Event: 17.475 {heap Before GC invocations=8 (full 0):
 garbage-first heap   total reserved 2041856K, committed 58368K, used 47302K [0x0000000083600000, 0x0000000100000000)
  region size 1024K, 28 young (28672K), 4 survivors (4096K)
}
Event: 17.484 {heap After GC invocations=9 (full 0):
 garbage-first heap   total reserved 2041856K, committed 58368K, used 25564K [0x0000000083600000, 0x0000000100000000)
  region size 1024K, 4 young (4096K), 4 survivors (4096K)
}
Event: 18.086 {heap Before GC invocations=9 (full 0):
 garbage-first heap   total reserved 2041856K, committed 58368K, used 33756K [0x0000000083600000, 0x0000000100000000)
  region size 1024K, 14 young (14336K), 4 survivors (4096K)
}
Event: 18.093 {heap After GC invocations=10 (full 0):
 garbage-first heap   total reserved 2041856K, committed 58368K, used 25961K [0x0000000083600000, 0x0000000100000000)
  region size 1024K, 3 young (3072K), 3 survivors (3072K)
}
Event: 18.912 {heap Before GC invocations=11 (full 0):
 garbage-first heap   total reserved 2041856K, committed 58368K, used 48489K [0x0000000083600000, 0x0000000100000000)
  region size 1024K, 26 young (26624K), 3 survivors (3072K)
}
Event: 18.919 {heap After GC invocations=12 (full 0):
 garbage-first heap   total reserved 2041856K, committed 58368K, used 27344K [0x0000000083600000, 0x0000000100000000)
  region size 1024K, 4 young (4096K), 4 survivors (4096K)
}

Metaspace Usage History (20 events):
Event: 2.192 {metaspace Before GC invocations=0 (full 0):
 Metaspace       used 5918K, committed 6080K, reserved 1114112K
  class space    used 763K, committed 832K, reserved 1048576K
}
Event: 2.228 {metaspace After GC invocations=1 (full 0):
 Metaspace       used 5918K, committed 6080K, reserved 1114112K
  class space    used 763K, committed 832K, reserved 1048576K
}
Event: 6.359 {metaspace Before GC invocations=1 (full 0):
 Metaspace       used 16603K, committed 16896K, reserved 1114112K
  class space    used 2277K, committed 2368K, reserved 1048576K
}
Event: 6.368 {metaspace After GC invocations=2 (full 0):
 Metaspace       used 16603K, committed 16896K, reserved 1114112K
  class space    used 2277K, committed 2368K, reserved 1048576K
}
Event: 7.652 {metaspace Before GC invocations=2 (full 0):
 Metaspace       used 21234K, committed 21504K, reserved 1114112K
  class space    used 3013K, committed 3136K, reserved 1048576K
}
Event: 7.658 {metaspace After GC invocations=3 (full 0):
 Metaspace       used 21234K, committed 21504K, reserved 1114112K
  class space    used 3013K, committed 3136K, reserved 1048576K
}
Event: 8.456 {metaspace Before GC invocations=4 (full 0):
 Metaspace       used 22539K, committed 22848K, reserved 1114112K
  class space    used 3225K, committed 3328K, reserved 1048576K
}
Event: 8.467 {metaspace After GC invocations=5 (full 0):
 Metaspace       used 22539K, committed 22848K, reserved 1114112K
  class space    used 3225K, committed 3328K, reserved 1048576K
}
Event: 9.494 {metaspace Before GC invocations=5 (full 0):
 Metaspace       used 25171K, committed 25472K, reserved 1114112K
  class space    used 3603K, committed 3712K, reserved 1048576K
}
Event: 9.499 {metaspace After GC invocations=6 (full 0):
 Metaspace       used 25171K, committed 25472K, reserved 1114112K
  class space    used 3603K, committed 3712K, reserved 1048576K
}
Event: 12.015 {metaspace Before GC invocations=6 (full 0):
 Metaspace       used 27441K, committed 27712K, reserved 1114112K
  class space    used 3959K, committed 4096K, reserved 1048576K
}
Event: 12.022 {metaspace After GC invocations=7 (full 0):
 Metaspace       used 27441K, committed 27712K, reserved 1114112K
  class space    used 3959K, committed 4096K, reserved 1048576K
}
Event: 13.364 {metaspace Before GC invocations=7 (full 0):
 Metaspace       used 29826K, committed 30144K, reserved 1114112K
  class space    used 4384K, committed 4544K, reserved 1048576K
}
Event: 13.372 {metaspace After GC invocations=8 (full 0):
 Metaspace       used 29826K, committed 30144K, reserved 1114112K
  class space    used 4384K, committed 4544K, reserved 1048576K
}
Event: 17.475 {metaspace Before GC invocations=8 (full 0):
 Metaspace       used 33615K, committed 34112K, reserved 1114112K
  class space    used 4831K, committed 5056K, reserved 1048576K
}
Event: 17.484 {metaspace After GC invocations=9 (full 0):
 Metaspace       used 33615K, committed 34112K, reserved 1114112K
  class space    used 4831K, committed 5056K, reserved 1048576K
}
Event: 18.086 {metaspace Before GC invocations=9 (full 0):
 Metaspace       used 35719K, committed 36096K, reserved 1114112K
  class space    used 5135K, committed 5312K, reserved 1048576K
}
Event: 18.093 {metaspace After GC invocations=10 (full 0):
 Metaspace       used 35719K, committed 36096K, reserved 1114112K
  class space    used 5135K, committed 5312K, reserved 1048576K
}
Event: 18.912 {metaspace Before GC invocations=11 (full 0):
 Metaspace       used 40494K, committed 40960K, reserved 1114112K
  class space    used 6121K, committed 6336K, reserved 1048576K
}
Event: 18.919 {metaspace After GC invocations=12 (full 0):
 Metaspace       used 40494K, committed 40960K, reserved 1114112K
  class space    used 6121K, committed 6336K, reserved 1048576K
}

Dll operation events (11 events):
Event: 0.032 Loaded shared library C:\Users\Aidan\.jdks\ms-25.0.2\bin\java.dll
Event: 0.037 Loaded shared library C:\Users\Aidan\.jdks\ms-25.0.2\bin\zip.dll
Event: 0.483 Loaded shared library C:\Users\Aidan\.jdks\ms-25.0.2\bin\instrument.dll
Event: 0.635 Loaded shared library C:\Users\Aidan\.jdks\ms-25.0.2\bin\zip.dll
Event: 0.643 Loaded shared library C:\Users\Aidan\.jdks\ms-25.0.2\bin\jimage.dll
Event: 0.862 Loaded shared library C:\Users\Aidan\.jdks\ms-25.0.2\bin\net.dll
Event: 0.864 Loaded shared library C:\Users\Aidan\.jdks\ms-25.0.2\bin\nio.dll
Event: 1.238 Loaded shared library C:\Users\Aidan\.jdks\ms-25.0.2\bin\extnet.dll
Event: 6.547 Loaded shared library C:\Users\Aidan\.jdks\ms-25.0.2\bin\sunmscapi.dll
Event: 16.686 Loaded shared library C:\Users\Aidan\.jdks\ms-25.0.2\bin\management.dll
Event: 16.693 Loaded shared library C:\Users\Aidan\.jdks\ms-25.0.2\bin\management_ext.dll

Deoptimization events (2 events):
Event: 10.139 Thread 0x000001a8a70eee10 DEOPT PACKING pc=0x000001a8b0330a24 sp=0x000000642e7fc980
Event: 10.139 Thread 0x000001a8a70eee10 DEOPT UNPACKING pc=0x000001a8afc212a2 sp=0x000000642e7fbe88 mode 0

Classes loaded (20 events):
Event: 19.541 Loading class com/mysql/cj/result/Row
Event: 19.541 Loading class com/mysql/cj/result/Row done
Event: 19.542 Loading class com/mysql/cj/protocol/a/ResultsetRowReader
Event: 19.542 Loading class com/mysql/cj/protocol/a/ResultsetRowReader done
Event: 19.542 Loading class com/mysql/cj/protocol/a/TextResultsetReader
Event: 19.542 Loading class com/mysql/cj/protocol/a/TextResultsetReader done
Event: 19.542 Loading class com/mysql/cj/protocol/ResultsetRows
Event: 19.542 Loading class com/mysql/cj/protocol/ResultsetRows done
Event: 19.542 Loading class com/mysql/cj/result/RowList
Event: 19.542 Loading class com/mysql/cj/result/RowList done
Event: 19.543 Loading class com/mysql/cj/protocol/a/BinaryResultsetReader
Event: 19.543 Loading class com/mysql/cj/protocol/a/BinaryResultsetReader done
Event: 19.544 Loading class com/mysql/cj/protocol/a/NativeServerSession
Event: 19.544 Loading class com/mysql/cj/protocol/a/NativeServerSession done
Event: 19.550 Loading class com/mysql/cj/protocol/ServerSessionStateController
Event: 19.550 Loading class com/mysql/cj/protocol/ServerSessionStateController done
Event: 19.551 Loading class com/mysql/cj/protocol/a/NativeServerSessionStateController
Event: 19.551 Loading class com/mysql/cj/protocol/a/NativeServerSessionStateController done
Event: 19.552 Loading class com/mysql/cj/NativeCharsetSettings
Event: 19.552 Loading class com/mysql/cj/NativeCharsetSettings done

Classes unloaded (0 events):
No events

Classes redefined (0 events):
No events

Internal exceptions (20 events):
Event: 13.225 Thread 0x000001a8a70eee10 Exception <a 'java/lang/NoSuchMethodError'{0x00000000859a9f60}: 'void java.lang.invoke.DirectMethodHandle$Holder.invokeStatic(java.lang.Object, int, java.lang.Object)'> (0x00000000859a9f60) 
thrown [s\src\hotspot\share\interpreter\linkResolver.cpp, line 804]
Event: 13.353 Thread 0x000001a8a70eee10 Exception <a 'java/lang/NoSuchMethodError'{0x00000000856fc7e8}: 'java.lang.Object java.lang.invoke.DirectMethodHandle$Holder.invokeVirtual(java.lang.Object, java.lang.Object, java.lang.Object, java.lang.Object, java.lang.Object)'> (0x00000000856fc7e8) 
thrown [s\src\hotspot\share\interpreter\linkResolver.cpp, line 804]
Event: 14.169 Thread 0x000001a8a70eee10 Exception <a 'java/lang/NoSuchMethodError'{0x000000008903f188}: 'java.lang.Object java.lang.invoke.DirectMethodHandle$Holder.invokeStaticInit(java.lang.Object, java.lang.Object, int, int, int, int)'> (0x000000008903f188) 
thrown [s\src\hotspot\share\interpreter\linkResolver.cpp, line 804]
Event: 16.643 Thread 0x000001a8a70eee10 Exception <a 'java/lang/NoSuchMethodError'{0x0000000088ccb2a8}: 'int java.lang.invoke.DirectMethodHandle$Holder.invokeVirtual(java.lang.Object, java.lang.Object, java.lang.Object, java.lang.Object)'> (0x0000000088ccb2a8) 
thrown [s\src\hotspot\share\interpreter\linkResolver.cpp, line 804]
Event: 16.719 Thread 0x000001a8a70eee10 Exception <a 'java/io/FileNotFoundException'{0x0000000088a62838}> (0x0000000088a62838) 
thrown [s\src\hotspot\share\prims\jni.cpp, line 516]
Event: 16.753 Thread 0x000001a8a70eee10 Exception <a 'java/io/IOException'{0x000000008647f578}> (0x000000008647f578) 
thrown [s\src\hotspot\share\prims\jni.cpp, line 516]
Event: 16.755 Thread 0x000001a8a70eee10 Exception <a 'java/io/IOException'{0x000000008647fc98}> (0x000000008647fc98) 
thrown [s\src\hotspot\share\prims\jni.cpp, line 516]
Event: 16.757 Thread 0x000001a8a70eee10 Exception <a 'java/io/IOException'{0x00000000864803a8}> (0x00000000864803a8) 
thrown [s\src\hotspot\share\prims\jni.cpp, line 516]
Event: 16.782 Thread 0x000001a8a70eee10 Exception <a 'java/io/IOException'{0x00000000864fb778}> (0x00000000864fb778) 
thrown [s\src\hotspot\share\prims\jni.cpp, line 516]
Event: 16.784 Thread 0x000001a8a70eee10 Exception <a 'java/io/IOException'{0x00000000864fffa8}> (0x00000000864fffa8) 
thrown [s\src\hotspot\share\prims\jni.cpp, line 516]
Event: 16.786 Thread 0x000001a8a70eee10 Exception <a 'java/io/IOException'{0x0000000086300ab0}> (0x0000000086300ab0) 
thrown [s\src\hotspot\share\prims\jni.cpp, line 516]
Event: 16.806 Thread 0x000001a8a70eee10 Exception <a 'java/lang/NoSuchMethodError'{0x00000000863b1e98}: 'int java.lang.invoke.DirectMethodHandle$Holder.invokeInterface(java.lang.Object, java.lang.Object, java.lang.Object, java.lang.Object)'> (0x00000000863b1e98) 
thrown [s\src\hotspot\share\interpreter\linkResolver.cpp, line 804]
Event: 16.862 Thread 0x000001a8a70eee10 Exception <a 'java/lang/NoSuchMethodError'{0x00000000861806b8}: 'java.lang.Object java.lang.invoke.DirectMethodHandle$Holder.newInvokeSpecial(java.lang.Object, java.lang.Object, long, long)'> (0x00000000861806b8) 
thrown [s\src\hotspot\share\interpreter\linkResolver.cpp, line 804]
Event: 16.862 Thread 0x000001a8a70eee10 Exception <a 'java/lang/NoSuchMethodError'{0x00000000861890e0}: 'long java.lang.invoke.DirectMethodHandle$Holder.invokeStatic(java.lang.Object, java.lang.Object, int)'> (0x00000000861890e0) 
thrown [s\src\hotspot\share\interpreter\linkResolver.cpp, line 804]
Event: 16.862 Thread 0x000001a8a70eee10 Exception <a 'java/lang/NoSuchMethodError'{0x0000000086199928}: 'long java.lang.invoke.DelegatingMethodHandle$Holder.reinvoke_L(java.lang.Object, java.lang.Object, int)'> (0x0000000086199928) 
thrown [s\src\hotspot\share\interpreter\linkResolver.cpp, line 804]
Event: 17.153 Thread 0x000001a8a70eee10 Exception <a 'java/lang/NoSuchMethodError'{0x0000000085ce3350}: 'java.lang.Object java.lang.invoke.DirectMethodHandle$Holder.newInvokeSpecial(java.lang.Object, java.lang.Object, java.lang.Object, java.lang.Object, java.lang.Object, java.lang.Object, java.lang.Object, java.lang.Object, java.lang.Object, java.lang.Object, java.lang.Object)'> (0x0000000085ce3350) 
thrown [s\src\hotspot\share\interpreter\linkResolver.cpp, line 804]
Event: 17.530 Thread 0x000001a8a70eee10 Exception <a 'java/lang/NoSuchMethodError'{0x000000008b398bf8}: 'void java.lang.invoke.DelegatingMethodHandle$Holder.reinvoke_L(java.lang.Object, java.lang.Object, java.lang.Object, java.lang.Object, int, java.lang.Object, java.lang.Object, java.lang.Object)'> (0x000000008b398bf8) 
thrown [s\src\hotspot\share\interpreter\linkResolver.cpp, line 804]
Event: 17.533 Thread 0x000001a8a70eee10 Exception <a 'java/lang/NoSuchMethodError'{0x000000008b3eec88}: 'java.lang.Object java.lang.invoke.DirectMethodHandle$Holder.invokeStatic(java.lang.Object, java.lang.Object, java.lang.Object, java.lang.Object, java.lang.Object, java.lang.Object, java.lang.Object, java.lang.Object, java.lang.Object, java.lang.Object)'> (0x000000008b3eec88) 
thrown [s\src\hotspot\share\interpreter\linkResolver.cpp, line 804]
Event: 17.915 Thread 0x000001a8a70eee10 Exception <a 'java/io/IOException'{0x0000000088dedbf0}> (0x0000000088dedbf0) 
thrown [s\src\hotspot\share\prims\jni.cpp, line 516]
Event: 18.626 Thread 0x000001a8a70eee10 Exception <a 'java/lang/IncompatibleClassChangeError'{0x0000000085ca46b8}: Found class java.lang.Object, but interface was expected> (0x0000000085ca46b8) 
thrown [s\src\hotspot\share\interpreter\linkResolver.cpp, line 871]

VM Operations (20 events):
Event: 16.624 Executing non-safepoint VM operation: HandshakeAllThreads (Deoptimize)
Event: 16.624 Executing non-safepoint VM operation: HandshakeAllThreads (Deoptimize) done
Event: 16.626 Executing non-safepoint VM operation: HandshakeAllThreads (Deoptimize)
Event: 16.626 Executing non-safepoint VM operation: HandshakeAllThreads (Deoptimize) done
Event: 16.703 Executing non-safepoint VM operation: HandshakeAllThreads (Deoptimize)
Event: 16.703 Executing non-safepoint VM operation: HandshakeAllThreads (Deoptimize) done
Event: 16.769 Executing non-safepoint VM operation: HandshakeAllThreads (Deoptimize)
Event: 16.769 Executing non-safepoint VM operation: HandshakeAllThreads (Deoptimize) done
Event: 17.148 Executing non-safepoint VM operation: HandshakeAllThreads (Deoptimize)
Event: 17.148 Executing non-safepoint VM operation: HandshakeAllThreads (Deoptimize) done
Event: 17.475 Executing safepoint VM operation: G1CollectForAllocation (G1 Evacuation Pause)
Event: 17.484 Executing safepoint VM operation: G1CollectForAllocation (G1 Evacuation Pause) done
Event: 18.086 Executing safepoint VM operation: CollectForMetadataAllocation (Metadata GC Threshold)
Event: 18.093 Executing safepoint VM operation: CollectForMetadataAllocation (Metadata GC Threshold) done
Event: 18.134 Executing safepoint VM operation: G1PauseRemark
Event: 18.139 Executing safepoint VM operation: G1PauseRemark done
Event: 18.154 Executing safepoint VM operation: G1PauseCleanup
Event: 18.154 Executing safepoint VM operation: G1PauseCleanup done
Event: 18.912 Executing safepoint VM operation: G1CollectForAllocation (G1 Evacuation Pause)
Event: 18.919 Executing safepoint VM operation: G1CollectForAllocation (G1 Evacuation Pause) done

Memory protections (0 events):
No events

Nmethod flushes (20 events):
Event: 18.138 Thread 0x000001a8b7744fb0 flushing  nmethod 0x000001a8afda4b88
Event: 18.138 Thread 0x000001a8b7744fb0 flushing  nmethod 0x000001a8afda5788
Event: 18.138 Thread 0x000001a8b7744fb0 flushing  nmethod 0x000001a8afda5d88
Event: 18.138 Thread 0x000001a8b7744fb0 flushing  nmethod 0x000001a8afdbc608
Event: 18.138 Thread 0x000001a8b7744fb0 flushing  nmethod 0x000001a8afdcc688
Event: 18.138 Thread 0x000001a8b7744fb0 flushing  nmethod 0x000001a8afdccd08
Event: 18.138 Thread 0x000001a8b7744fb0 flushing  nmethod 0x000001a8afddc808
Event: 18.138 Thread 0x000001a8b7744fb0 flushing  nmethod 0x000001a8afdee288
Event: 18.138 Thread 0x000001a8b7744fb0 flushing  nmethod 0x000001a8afdefd08
Event: 18.138 Thread 0x000001a8b7744fb0 flushing  nmethod 0x000001a8afdf0f88
Event: 18.138 Thread 0x000001a8b7744fb0 flushing  nmethod 0x000001a8afdf1288
Event: 18.138 Thread 0x000001a8b7744fb0 flushing  nmethod 0x000001a8afdf3888
Event: 18.138 Thread 0x000001a8b7744fb0 flushing  nmethod 0x000001a8afe14708
Event: 18.138 Thread 0x000001a8b7744fb0 flushing  nmethod 0x000001a8afe3ea88
Event: 18.138 Thread 0x000001a8b7744fb0 flushing  nmethod 0x000001a8afe67388
Event: 18.138 Thread 0x000001a8b7744fb0 flushing  nmethod 0x000001a8afe96288
Event: 18.138 Thread 0x000001a8b7744fb0 flushing  nmethod 0x000001a8afee9408
Event: 18.138 Thread 0x000001a8b7744fb0 flushing  nmethod 0x000001a8aff01e88
Event: 18.138 Thread 0x000001a8b7744fb0 flushing  nmethod 0x000001a8aff11388
Event: 18.138 Thread 0x000001a8b7744fb0 flushing  nmethod 0x000001a8b003be88

Events (20 events):
Event: 0.101 Thread 0x000001a8a70eee10 Thread added: 0x000001a8b7758790
Event: 0.101 Thread 0x000001a8a70eee10 Thread added: 0x000001a8b775cbf0
Event: 0.102 Thread 0x000001a8a70eee10 Thread added: 0x000001a8b77627e0
Event: 0.102 Thread 0x000001a8a70eee10 Thread added: 0x000001a8b7761070
Event: 0.102 Thread 0x000001a8a70eee10 Thread added: 0x000001a8b7762fb0
Event: 0.102 Thread 0x000001a8a70eee10 Thread added: 0x000001a8b775f900
Event: 0.102 Thread 0x000001a8a70eee10 Thread added: 0x000001a8b7767a30
Event: 0.607 Thread 0x000001a8a70eee10 Thread added: 0x000001a8b77600d0
Event: 1.016 Thread 0x000001a8a70eee10 Thread added: 0x000001a8b7761840
Event: 1.016 Thread 0x000001a8a70eee10 Thread added: 0x000001a8b7762010
Event: 3.219 Thread 0x000001a8a70eee10 Thread added: 0x000001a8bc6a1e40
Event: 7.125 Thread 0x000001a8bc6a1e40 Thread exited: 0x000001a8bc6a1e40
Event: 7.625 Thread 0x000001a8a70eee10 Thread added: 0x000001a8bc6a1e40
Event: 7.650 Thread 0x000001a8bc6a1e40 Thread exited: 0x000001a8bc6a1e40
Event: 7.799 Thread 0x000001a8b7767a30 Thread added: 0x000001a8bceed960
Event: 7.799 Thread 0x000001a8b7767a30 Thread added: 0x000001a8bceee170
Event: 11.709 Thread 0x000001a8bceed960 Thread exited: 0x000001a8bceed960
Event: 11.709 Thread 0x000001a8bceee170 Thread exited: 0x000001a8bceee170
Event: 12.144 Thread 0x000001a8b7767a30 Thread added: 0x000001a8bd310b00
Event: 17.119 Thread 0x000001a8a70eee10 Thread added: 0x000001a8bc69ef60


Dynamic libraries:
0x00007ff77e1b0000 - 0x00007ff77e1be000 	C:\Users\Aidan\.jdks\ms-25.0.2\bin\java.exe
0x00007fff192a0000 - 0x00007fff19506000 	C:\WINDOWS\SYSTEM32\ntdll.dll
0x00007fff17f70000 - 0x00007fff18039000 	C:\WINDOWS\System32\KERNEL32.DLL
0x00007fff164b0000 - 0x00007fff168af000 	C:\WINDOWS\System32\KERNELBASE.dll
0x00007fff16e70000 - 0x00007fff16fbc000 	C:\WINDOWS\System32\ucrtbase.dll
0x00007fff014c0000 - 0x00007fff014d7000 	C:\Users\Aidan\.jdks\ms-25.0.2\bin\jli.dll
0x00007fff019a0000 - 0x00007fff019be000 	C:\Users\Aidan\.jdks\ms-25.0.2\bin\VCRUNTIME140.dll
0x00007fff17970000 - 0x00007fff17b36000 	C:\WINDOWS\System32\USER32.dll
0x00007fff16d10000 - 0x00007fff16d37000 	C:\WINDOWS\System32\win32u.dll
0x00007fff17180000 - 0x00007fff171ab000 	C:\WINDOWS\System32\GDI32.dll
0x00007fff16d40000 - 0x00007fff16e69000 	C:\WINDOWS\System32\gdi32full.dll
0x00007fff16b10000 - 0x00007fff16bb3000 	C:\WINDOWS\System32\msvcp_win.dll
0x00007fff011e0000 - 0x00007fff01471000 	C:\WINDOWS\WinSxS\amd64_microsoft.windows.common-controls_6595b64144ccf1df_6.0.26100.8972_none_3e0da176e32f9d4b\COMCTL32.dll
0x00007fff17350000 - 0x00007fff173f9000 	C:\WINDOWS\System32\msvcrt.dll
0x00007fff181a0000 - 0x00007fff181d2000 	C:\WINDOWS\System32\IMM32.DLL
0x00007fff03680000 - 0x00007fff0368c000 	C:\Users\Aidan\.jdks\ms-25.0.2\bin\vcruntime140_1.dll
0x00007ffee2c50000 - 0x00007ffee2cd9000 	C:\Users\Aidan\.jdks\ms-25.0.2\bin\msvcp140.dll
0x00007ffe91610000 - 0x00007ffe9253f000 	C:\Users\Aidan\.jdks\ms-25.0.2\bin\server\jvm.dll
0x00007fff180d0000 - 0x00007fff1818c000 	C:\WINDOWS\System32\ADVAPI32.dll
0x00007fff189b0000 - 0x00007fff18a5a000 	C:\WINDOWS\System32\sechost.dll
0x00007fff17060000 - 0x00007fff17178000 	C:\WINDOWS\System32\RPCRT4.dll
0x00007fff17b40000 - 0x00007fff17bc2000 	C:\WINDOWS\System32\WS2_32.dll
0x00007fff16310000 - 0x00007fff1636e000 	C:\WINDOWS\SYSTEM32\POWRPROF.dll
0x00007fff0d640000 - 0x00007fff0d676000 	C:\WINDOWS\SYSTEM32\WINMM.dll
0x00007fff03f90000 - 0x00007fff03f9b000 	C:\WINDOWS\SYSTEM32\VERSION.dll
0x00007fff162f0000 - 0x00007fff16305000 	C:\WINDOWS\SYSTEM32\UMPDC.dll
0x00007fff151a0000 - 0x00007fff151bb000 	C:\WINDOWS\SYSTEM32\kernel.appcore.dll
0x00007fff03550000 - 0x00007fff0355a000 	C:\Users\Aidan\.jdks\ms-25.0.2\bin\jimage.dll
0x00007fff13070000 - 0x00007fff132b2000 	C:\WINDOWS\SYSTEM32\DBGHELP.DLL
0x00007fff17bd0000 - 0x00007fff17f55000 	C:\WINDOWS\System32\combase.dll
0x00007fff18840000 - 0x00007fff18919000 	C:\WINDOWS\System32\OLEAUT32.dll
0x00007ffef2980000 - 0x00007ffef29bb000 	C:\WINDOWS\SYSTEM32\dbgcore.DLL
0x00007fff168c0000 - 0x00007fff1696c000 	C:\WINDOWS\System32\bcryptPrimitives.dll
0x00007fff03050000 - 0x00007fff03060000 	C:\Users\Aidan\.jdks\ms-25.0.2\bin\instrument.dll
0x00007fff00e80000 - 0x00007fff00e9f000 	C:\Users\Aidan\.jdks\ms-25.0.2\bin\java.dll
0x00007fff185a0000 - 0x00007fff18739000 	C:\WINDOWS\System32\ole32.dll
0x00007fff18a60000 - 0x00007fff191e8000 	C:\WINDOWS\System32\SHELL32.dll
0x00007ffefee70000 - 0x00007ffefee87000 	C:\Users\Aidan\.jdks\ms-25.0.2\bin\zip.dll
0x00007fff13f60000 - 0x00007fff147fb000 	C:\WINDOWS\SYSTEM32\windows.storage.dll
0x00007fff181e0000 - 0x00007fff182d9000 	C:\WINDOWS\System32\SHCORE.dll
0x00007fff18530000 - 0x00007fff18596000 	C:\WINDOWS\System32\shlwapi.dll
0x00007fff163d0000 - 0x00007fff163f9000 	C:\WINDOWS\SYSTEM32\profapi.dll
0x00007fff000e0000 - 0x00007fff000f2000 	C:\Users\Aidan\.jdks\ms-25.0.2\bin\net.dll
0x00007fff15750000 - 0x00007fff157bc000 	C:\WINDOWS\system32\mswsock.dll
0x00007fff000c0000 - 0x00007fff000d6000 	C:\Users\Aidan\.jdks\ms-25.0.2\bin\nio.dll
0x00007fff02fb0000 - 0x00007fff02fb9000 	C:\Users\Aidan\.jdks\ms-25.0.2\bin\extnet.dll
0x00007fff02f10000 - 0x00007fff02f1e000 	C:\Users\Aidan\.jdks\ms-25.0.2\bin\sunmscapi.dll
0x00007fff16980000 - 0x00007fff16afe000 	C:\WINDOWS\System32\CRYPT32.dll
0x00007fff15c80000 - 0x00007fff15cb0000 	C:\WINDOWS\SYSTEM32\ncrypt.dll
0x00007fff15c30000 - 0x00007fff15c6f000 	C:\WINDOWS\SYSTEM32\NTASN1.dll
0x00007fff15a40000 - 0x00007fff15a5b000 	C:\WINDOWS\SYSTEM32\CRYPTSP.dll
0x00007fff15100000 - 0x00007fff15139000 	C:\WINDOWS\system32\rsaenh.dll
0x00007fff15800000 - 0x00007fff15832000 	C:\WINDOWS\SYSTEM32\USERENV.dll
0x00007fff163a0000 - 0x00007fff163ca000 	C:\WINDOWS\SYSTEM32\bcrypt.dll
0x00007fff15a60000 - 0x00007fff15a6c000 	C:\WINDOWS\SYSTEM32\CRYPTBASE.dll
0x00007fff14c00000 - 0x00007fff14c33000 	C:\WINDOWS\SYSTEM32\IPHLPAPI.DLL
0x00007fff17050000 - 0x00007fff1705a000 	C:\WINDOWS\System32\NSI.dll
0x00007fff02d20000 - 0x00007fff02d2a000 	C:\Users\Aidan\.jdks\ms-25.0.2\bin\management.dll
0x00007fff01990000 - 0x00007fff0199c000 	C:\Users\Aidan\.jdks\ms-25.0.2\bin\management_ext.dll
0x00007fff19250000 - 0x00007fff19258000 	C:\WINDOWS\System32\PSAPI.DLL
0x00007fff14ce0000 - 0x00007fff14e38000 	C:\WINDOWS\SYSTEM32\DNSAPI.dll
0x00007fff15530000 - 0x00007fff1553d000 	C:\WINDOWS\SYSTEM32\DSPARSE.dll
0x00007fff0d560000 - 0x00007fff0d56b000 	C:\Windows\System32\rasadhlp.dll
0x00007fff07a10000 - 0x00007fff07a96000 	C:\WINDOWS\System32\fwpuclnt.dll

JVMTI agents:
C:\Users\Aidan\AppData\Local\JetBrains\IntelliJIdea2025.3\testAgent\intellij.platform.coverage.agent.jar path:C:\Users\Aidan\.jdks\ms-25.0.2\bin\instrument.dll, loaded, initialized, instrumentlib options:C:\Users\Aidan\AppData\Local\Temp\coverageargs
C:\Program Files\JetBrains\IntelliJ IDEA 2025.3.2\lib\idea_rt.jar path:C:\Users\Aidan\.jdks\ms-25.0.2\bin\instrument.dll, loaded, initialized, instrumentlib options:63898

dbghelp: loaded successfully - version: 4.0.5 - missing functions: none
symbol engine: initialized successfully - sym options: 0x614 - pdb path: .;C:\Users\Aidan\.jdks\ms-25.0.2\bin;C:\WINDOWS\SYSTEM32;C:\WINDOWS\WinSxS\amd64_microsoft.windows.common-controls_6595b64144ccf1df_6.0.26100.8972_none_3e0da176e32f9d4b;C:\Users\Aidan\.jdks\ms-25.0.2\bin\server

VM Arguments:
jvm_args: -javaagent:C:\Users\Aidan\AppData\Local\JetBrains\IntelliJIdea2025.3\testAgent\intellij.platform.coverage.agent.jar=C:\Users\Aidan\AppData\Local\Temp\coverageargs -Didea.coverage.calculate.hits=true -XX:TieredStopAtLevel=1 -Dspring.output.ansi.enabled=always -javaagent:C:\Program Files\JetBrains\IntelliJ IDEA 2025.3.2\lib\idea_rt.jar=63898 -Dfile.encoding=UTF-8 -Dsun.stdout.encoding=UTF-8 -Dsun.stderr.encoding=UTF-8 
java_command: za.ac.cput.UniExchangeApplication
java_class_path (initial): C:\Users\Aidan\Desktop\UniExchange\Backend\target\classes;C:\Users\Aidan\.m2\repository\org\springframework\boot\spring-boot-starter\4.1.1\spring-boot-starter-4.1.1.jar;C:\Users\Aidan\.m2\repository\org\springframework\boot\spring-boot-starter-logging\4.1.1\spring-boot-starter-logging-4.1.1.jar;C:\Users\Aidan\.m2\repository\ch\qos\logback\logback-classic\1.5.38\logback-classic-1.5.38.jar;C:\Users\Aidan\.m2\repository\ch\qos\logback\logback-core\1.5.38\logback-core-1.5.38.jar;C:\Users\Aidan\.m2\repository\org\apache\logging\log4j\log4j-to-slf4j\2.25.5\log4j-to-slf4j-2.25.5.jar;C:\Users\Aidan\.m2\repository\org\apache\logging\log4j\log4j-api\2.25.5\log4j-api-2.25.5.jar;C:\Users\Aidan\.m2\repository\org\slf4j\jul-to-slf4j\2.0.18\jul-to-slf4j-2.0.18.jar;C:\Users\Aidan\.m2\repository\org\springframework\boot\spring-boot-autoconfigure\4.1.1\spring-boot-autoconfigure-4.1.1.jar;C:\Users\Aidan\.m2\repository\org\springframework\boot\spring-boot\4.1.1\spring-boot-4.1.1.jar;C:\Users\Aidan\.m2\repository\org\springframework\spring-context\7.0.9\spring-context-7.0.9.jar;C:\Users\Aidan\.m2\repository\jakarta\annotation\jakarta.annotation-api\3.0.0\jakarta.annotation-api-3.0.0.jar;C:\Users\Aidan\.m2\repository\org\yaml\snakeyaml\2.6\snakeyaml-2.6.jar;C:\Users\Aidan\.m2\repository\org\springframework\boot\spring-boot-starter-web\4.1.1\spring-boot-starter-web-4.1.1.jar;C:\Users\Aidan\.m2\repository\org\springframework\boot\spring-boot-starter-jackson\4.1.1\spring-boot-starter-jackson-4.1.1.jar;C:\Users\Aidan\.m2\repository\org\springframework\boot\spring-boot-jackson\4.1.1\spring-boot-jackson-4.1.1.jar;C:\Users\Aidan\.m2\repository\tools\jackson\core\jackson-databind\3.1.5\jackson-databind-3.1.5.jar;C:\Users\Aidan\.m2\repository\com\fasterxml\jackson\core\jackson-annotations\2.21\jackson-annotations-2.21.jar;C:\Users\Aidan\.m2\repository\tools\jackson\core\jackson-core\3.1.5\jackson-core-3.1.5.jar;C:\Users\Aidan\.m2\repository\org\springframework\boot\spring-boot-starter-tomcat\4.1.1\spring-boot-starter-tomcat-4.1.1.jar;C:\Users\Aidan\.m2\repository\org\springframework\boot\spring-boot-starter-tomcat-runtime\4.1.1\spring-boot-starter-tomcat-runtime-4.1.1.jar;C:\Users\Aidan\.m2\repository\org\springframework\boot\spring-boot-web-server\4.1.1\spring-boot-web-server-4.1.1.jar;C:\Users\Aidan\.m2\repository\org\apache\tomcat\embed\tomcat-embed-core\11.0.24\tomcat-embed-core-11.0.24.jar;C:\Users\Aidan\.m2\repository\org\apache\tomcat\embed\tomcat-embed-websocket\11.0.24\tomcat-embed-websocket-11.0.24.jar;C:\Users\Aidan\.m2\repository\org\springframework\boot\spring-boot-tomcat\4.1.1\spring-boot-tomcat-4.1.1.jar;C:\Users\Aidan\.m2\repository\org\springframework\boot\spring-boot-http-converter\4.1.1\spring-boot-http-converter-4.1.1.jar;C:\Users\Aidan\.m2\repository\org\springframework\spring-web\7.0.9\spring-web-7.0.9.jar;C:\Users\Aidan\.m2\repository\io\micrometer\micrometer-observation\1.17.1\micrometer-observation-1.17.1.jar;C:\Users\Aidan\.m2\repository\io\micrometer\micrometer-commons\1.17.1\micrometer-commons-1.17.1.jar;C:\Users\Aidan\.m2\repository\org\springframework\boot\spring-boot-webmvc\4.1.1\spring-boot-webmvc-4.1.1.jar;C:\Users\Aidan\.m2\repository\org\springframework\boot\spring-boot-servlet\4.1.1\spring-boot-servlet-4.1.1.jar;C:\Users\Aidan\.m2\repository\org\springframework\spring-webmvc\7.0.9\spring-webmvc-7.0.9.jar;C:\Users\Aidan\.m2\repository\org\springframework\spring-expression\7.0.9\spring-expression-7.0.9.jar;C:\Users\Aidan\.m2\repository\org\springframework\boot\spring-boot-starter-data-jpa\4.1.1\spring-boot-starter-data-jpa-4.1.1.jar;C:\Users\Aidan\.m2\repository\org\springframework\boot\spring-boot-starter-jdbc\4.1.1\spring-boot-starter-jdbc-4.1.1.jar;C:\Users\Aidan\.m2\repository\com\zaxxer\HikariCP\7.0.2\HikariCP-7.0.2.jar;C:\Users\Aidan\.m2\repository\org\springframework\boot\spring-boot-data-jpa\4.1.1\spring-boot-data-jpa-4.1.1.jar;C:\Users\Aidan\.m2\repository\org\springframework\boot\spring-boot-data-commons\4.1.1\spring-boot-data-commons-4.1.1.jar;C:\Users\Aidan\.m2\repository\org\springframework\boot\spring-boot-persistence\4.1.1\spring-boot-persistence-4.1.1.jar;C:\Users\Aidan\.m2\repository\org\springframework\data\spring-data-commons\4.1.1\spring-data-commons-4.1.1.jar;C:\Users\Aidan\.m2\repository\org\springframework\boot\spring-boot-hibernate\4.1.1\spring-boot-hibernate-4.1.1.jar;C:\Users\Aidan\.m2\repository\org\springframework\boot\spring-boot-jpa\4.1.1\spring-boot-jpa-4.1.1.jar;C:\Users\Aidan\.m2\repository\jakarta\persistence\jakarta.persistence-api\3.2.0\jakarta.persistence-api-3.2.0.jar;C:\Users\Aidan\.m2\repository\org\hibernate\orm\hibernate-core\7.4.5.Final\hibernate-core-7.4.5.Final.jar;C:\Users\Aidan\.m2\repository\jakarta\transaction\jakarta.transaction-api\2.0.1\jakarta.transaction-api-2.0.1.jar;C:\Users\Aidan\.m2\repository\org\hibernate\models\hibernate-models\1.1.1\hibernate-models-1.1.1.jar;C:\Users\Aidan\.m2\repository\org\glassfish\jaxb\jaxb-runtime\4.0.9\jaxb-runtime-4.0.9.jar;C:\Users\Aidan\.m2\repository\org\glassfish\jaxb\jaxb-core\4.0.9\jaxb-core-4.0.9.jar;C:\Users\Aidan\.m2\repository\org\glassfish\jaxb\txw2\4.0.9\txw2-4.0.9.jar;C:\Users\Aidan\.m2\repository\com\sun\istack\istack-commons-runtime\4.1.2\istack-commons-runtime-4.1.2.jar;C:\Users\Aidan\.m2\repository\jakarta\inject\jakarta.inject-api\2.0.1\jakarta.inject-api-2.0.1.jar;C:\Users\Aidan\.m2\repository\org\springframework\spring-orm\7.0.9\spring-orm-7.0.9.jar;C:\Users\Aidan\.m2\repository\org\springframework\data\spring-data-jpa\4.1.1\spring-data-jpa-4.1.1.jar;C:\Users\Aidan\.m2\repository\org\springframework\spring-tx\7.0.9\spring-tx-7.0.9.jar;C:\Users\Aidan\.m2\repository\org\antlr\antlr4-runtime\4.13.2\antlr4-runtime-4.13.2.jar;C:\Users\Aidan\.m2\repository\org\springframework\spring-aspects\7.0.9\spring-aspects-7.0.9.jar;C:\Users\Aidan\.m2\repository\org\aspectj\aspectjweaver\1.9.25.1\aspectjweaver-1.9.25.1.jar;C:\Users\Aidan\.m2\repository\org\springframework\boot\spring-boot-jdbc\4.1.1\spring-boot-jdbc-4.1.1.jar;C:\Users\Aidan\.m2\repository\org\springframework\boot\spring-boot-sql\4.1.1\spring-boot-sql-4.1.1.jar;C:\Users\Aidan\.m2\repository\org\springframework\boot\spring-boot-transaction\4.1.1\spring-boot-transaction-4.1.1.jar;C:\Users\Aidan\.m2\repository\org\springframework\spring-jdbc\7.0.9\spring-jdbc-7.0.9.jar;C:\Users\Aidan\.m2\repository\org\springframework\boot\spring-boot-starter-validation\4.1.1\spring-boot-starter-validation-4.1.1.jar;C:\Users\Aidan\.m2\repository\org\springframework\boot\spring-boot-validation\4.1.1\spring-boot-validation-4.1.1.jar;C:\Users\Aidan\.m2\repository\org\apache\tomcat\embed\tomcat-embed-el\11.0.24\tomcat-embed-el-11.0.24.jar;C:\Users\Aidan\.m2\repository\org\hibernate\validator\hibernate-validator\9.1.3.Final\hibernate-validator-9.1.3.Final.jar;C:\Users\Aidan\.m2\repository\jakarta\validation\jakarta.validation-api\3.1.1\jakarta.validation-api-3.1.1.jar;C:\Users\Aidan\.m2\repository\org\jboss\logging\jboss-logging\3.6.3.Final\jboss-logging-3.6.3.Final.jar;C:\Users\Aidan\.m2\repository\com\fasterxml\classmate\1.7.3\classmate-1.7.3.jar;C:\Users\Aidan\.m2\repository\com\mysql\mysql-connector-j\9.7.0\mysql-connector-j-9.7.0.jar;C:\Users\Aidan\.m2\repository\org\slf4j\slf4j-api\2.0.18\slf4j-api-2.0.18.jar;C:\Users\Aidan\.m2\repository\jakarta\xml\bind\jakarta.xml.bind-api\4.0.5\jakarta.xml.bind-api-4.0.5.jar;C:\Users\Aidan\.m2\repository\jakarta\activation\jakarta.activation-api\2.1.4\jakarta.activation-api-2.1.4.jar;C:\Users\Aidan\.m2\repository\net\bytebuddy\byte-buddy\1.18.11\byte-buddy-1.18.11.jar;C:\Users\Aidan\.m2\repository\org\springframework\spring-core\7.0.9\spring-core-7.0.9.jar;C:\Users\Aidan\.m2\repository\org\jspecify\jspecify\1.0.1\jspecify-1.0.1.jar;C:\Users\Aidan\.m2\repository\org\springframework\boot\spring-boot-starter-mail\4.1.1\spring-boot-starter-mail-4.1.1.jar;C:\Users\Aidan\.m2\repository\org\springframework\boot\spring-boot-mail\4.1.1\spring-boot-mail-4.1.1.jar;C:\Users\Aidan\.m2\repository\org\springframework\spring-context-support\7.0.9\spring-context-support-7.0.9.jar;C:\Users\Aidan\.m2\repository\jakarta\mail\jakarta.mail-api\2.1.5\jakarta.mail-api-2.1.5.jar;C:\Users\Aidan\.m2\repository\org\eclipse\angus\angus-mail\2.0.5\angus-mail-2.0.5.jar;C:\Users\Aidan\.m2\repository\org\eclipse\angus\angus-activation\2.0.3\angus-activation-2.0.3.jar;C:\Users\Aidan\.m2\repository\org\springframework\boot\spring-boot-starter-security\4.1.1\spring-boot-starter-security-4.1.1.jar;C:\Users\Aidan\.m2\repository\org\springframework\boot\spring-boot-security\4.1.1\spring-boot-security-4.1.1.jar;C:\Users\Aidan\.m2\repository\org\springframework\security\spring-security-config\7.1.1\spring-security-config-7.1.1.jar;C:\Users\Aidan\.m2\repository\org\springframework\security\spring-security-core\7.1.1\spring-security-core-7.1.1.jar;C:\Users\Aidan\.m2\repository\org\springframework\security\spring-security-crypto\7.1.1\spring-security-crypto-7.1.1.jar;C:\Users\Aidan\.m2\repository\org\springframework\security\spring-security-web\7.1.1\spring-security-web-7.1.1.jar;C:\Users\Aidan\.m2\repository\org\springframework\spring-aop\7.0.9\spring-aop-7.0.9.jar;C:\Users\Aidan\.m2\repository\org\springframework\spring-beans\7.0.9\spring-beans-7.0.9.jar;C:\Users\Aidan\.m2\repository\io\jsonwebtoken\jjwt-api\0.13.0\jjwt-api-0.13.0.jar;C:\Users\Aidan\.m2\repository\io\jsonwebtoken\jjwt-impl\0.13.0\jjwt-impl-0.13.0.jar;C:\Users\Aidan\.m2\repository\io\jsonwebtoken\jjwt-gson\0.13.0\jjwt-gson-0.13.0.jar;C:\Users\Aidan\.m2\repository\com\google\code\gson\gson\2.13.2\gson-2.13.2.jar;C:\Users\Aidan\.m2\repository\com\google\errorprone\error_prone_annotations\2.41.0\error_prone_annotations-2.41.0.jar;C:\Users\Aidan\.m2\repository\commons-validator\commons-validator\1.10.1\commons-validator-1.10.1.jar;C:\Users\Aidan\.m2\repository\commons-beanutils\commons-beanutils\1.11.0\commons-beanutils-1.11.0.jar;C:\Users\Aidan\.m2\repository\commons-digester\commons-digester\2.1\commons-digester-2.1.jar;C:\Users\Aidan\.m2\repository\commons-logging\commons-logging\1.3.6\commons-logging-1.3.6.jar;C:\Users\Aidan\.m2\repository\commons-collections\commons-collections\3.2.2\commons-collections-3.2.2.jar
Launcher Type: SUN_STANDARD

[Global flags]
     intx CICompilerCount                          = 3                                         {product} {ergonomic}
     uint ConcGCThreads                            = 1                                         {product} {ergonomic}
     uint G1ConcRefinementThreads                  = 4                                         {product} {ergonomic}
   size_t G1HeapRegionSize                         = 1048576                                   {product} {ergonomic}
   size_t InitialHeapSize                          = 132120576                                 {product} {ergonomic}
   size_t MarkStackSize                            = 4194304                                   {product} {ergonomic}
   size_t MarkStackSizeMax                         = 536870912                                 {product} {ergonomic}
   size_t MaxHeapSize                              = 2090860544                                {product} {ergonomic}
   size_t MaxNewSize                               = 1254096896                                {product} {ergonomic}
   size_t MinHeapDeltaBytes                        = 1048576                                   {product} {ergonomic}
   size_t MinHeapSize                              = 8388608                                   {product} {ergonomic}
    uintx NonNMethodCodeHeapSize                   = 4096                                   {pd product} {ergonomic}
    uintx NonProfiledCodeHeapSize                  = 0                                      {pd product} {ergonomic}
     bool ProfileInterpreter                       = false                                  {pd product} {command line}
    uintx ProfiledCodeHeapSize                     = 0                                      {pd product} {ergonomic}
   size_t SoftMaxHeapSize                          = 2090860544                             {manageable} {ergonomic}
     intx TieredStopAtLevel                        = 1                                         {product} {command line}
     bool UseCompressedOops                        = true                           {product lp64_product} {ergonomic}
     bool UseG1GC                                  = true                                      {product} {ergonomic}
     bool UseLargePagesIndividualAllocation        = false                                  {pd product} {ergonomic}

Logging:
Log output configuration:
 #0: stdout all=warning uptime,level,tags foldmultilines=false
 #1: stderr all=off uptime,level,tags foldmultilines=false

Release file:
IMPLEMENTOR="Microsoft" 
IMPLEMENTOR_VERSION="Microsoft-13053607" 
JAVA_RUNTIME_VERSION="25.0.2+10-LTS" 
JAVA_VERSION="25.0.2" 
JAVA_VERSION_DATE="2026-01-20" 
LIBC="default" 
MODULES="java.base java.compiler java.datatransfer java.xml java.prefs java.desktop java.instrument java.logging java.management java.security.sasl java.naming java.rmi java.management.rmi java.net.http java.scripting java.security.jgss java.transaction.xa java.sql java.sql.rowset java.xml.crypto java.se java.smartcardio jdk.accessibility jdk.internal.jvmstat jdk.attach jdk.charsets jdk.internal.opt jdk.zipfs jdk.compiler jdk.crypto.cryptoki jdk.crypto.ec jdk.crypto.mscapi jdk.dynalink jdk.internal.ed jdk.editpad jdk.internal.vm.ci jdk.graal.compiler jdk.graal.compiler.management jdk.hotspot.agent jdk.httpserver jdk.incubator.vector jdk.internal.le jdk.internal.md jdk.jartool jdk.javadoc jdk.jcmd jdk.management jdk.management.agent jdk.jconsole jdk.jdeps jdk.jdwp.agent jdk.jdi jdk.jfr jdk.jlink jdk.jpackage jdk.jshell jdk.jsobject jdk.jstatd jdk.localedata jdk.management.jfr jdk.naming.dns jdk.naming.rmi jdk.net jdk.nio.mapmode jdk.sctp jdk.security.auth jdk.security.jgss jdk.unsupported jdk.unsupported.desktop jdk.xml.dom" 
OS_ARCH="x86_64" 
OS_NAME="Windows" 
SOURCE=".:git:8d8ffc5eb201" 

Environment Variables:
JAVA_HOME=C:\Users\Aidan\AppData\Local\Programs\Eclipse Adoptium\jdk-25.0.4.101-hotspot
PATH=C:\Users\Aidan\AppData\Local\Programs\Eclipse Adoptium\jdk-25.0.4.101-hotspot\bin;C:\Users\Aidan\AppData\Local\Microsoft\WindowsApps;C:\Users\Aidan\AppData\Roaming\Composer\vendor\bin;C:\Users\Aidan\AppData\Roaming\npm;C:\Users\Aidan\AppData\Local\Programs\cursor\resources\app\bin;C:\Users\Aidan\AppData\Local\Programs\Microsoft VS Code\bin;C:\Users\Aidan\.local\bin;C:\Users\Aidan\AppData\Local\Programs\Ollama;C:\Users\Aidan\AppData\Local\Python\bin;C:\Program Files\MySQL\MySQL Server 8.0\bin;
USERNAME=Aidan
TMP=C:\Users\Aidan\AppData\Local\Temp
TEMP=C:\Users\Aidan\AppData\Local\Temp




Compilation memory statistics disabled.

Periodic native trim disabled

---------------  S Y S T E M  ---------------

OS:
 Windows 11 , 64 bit Build 26100 (10.0.26100.9168)
OS uptime: 5 days 3:15 hours
Hyper-V role detected

CPU: total 4 (initial active 4) (2 cores per cpu, 2 threads per core) family 6 model 140 stepping 2 microcode 0x38, cx8, cmov, fxsr, ht, mmx, 3dnowpref, sse, sse2, sse3, ssse3, sse4.1, sse4.2, popcnt, lzcnt, tsc, tscinvbit, avx, avx2, aes, erms, clmul, bmi1, bmi2, adx, avx512f, avx512dq, avx512cd, avx512bw, avx512vl, sha, fma, vzeroupper, avx512_vpopcntdq, avx512_vpclmulqdq, avx512_vaes, avx512_vnni, clflush, clflushopt, clwb, avx512_vbmi2, avx512_vbmi, hv, rdtscp, rdpid, fsrm, gfni, avx512_bitalg, f16c, cet_ibt, cet_ss, avx512_ifma
Processor Information for the first 4 processors :
  Max Mhz: 2995, Current Mhz: 2995, Mhz Limit: 2995

Memory: 4k page, system-wide physical 7975M (583M free)
TotalPageFile size 24358M (AvailPageFile size 0M)
current process WorkingSet (physical memory assigned to process): 158M, peak: 158M
current process commit charge ("private bytes"): 199M, peak: 237M

vm_info: OpenJDK 64-Bit Server VM (25.0.2+10-LTS) for windows-amd64 JRE (25.0.2+10-LTS), built on 2026-01-07T20:19:54Z with MS VC++ 17.14 (VS2022)

END.
